{"stats":{"minecraft:broken":{"minecraft:iron_boots":1,"minecraft:iron_chestplate":2,"minecraft:iron_leggings":2,"goblinsanddungeons:goblin_crown":1,"minecraft:chainmail_boots":2,"minecraft:chainmail_helmet":1,"minecraft:iron_helmet":1,"jet_and_elias_armors:outrider_set_helmet":1},"minecraft:dropped":{"minecraft:iron_sword":2,"minecraft:glow_ink_sac":1,"minecraft:glass_bottle":10,"minecraft:dark_oak_sapling":41,"minecraft:crossbow":2,"minecraft:leather":2,"minecraft:mossy_stone_brick_stairs":1,"minecraft:cracked_stone_bricks":2,"minecraft:saddle":2,"wom:diamond_staff":1,"epicfight:stray_hat":1,"minecraft:leather_helmet":2,"minecraft:emerald":1,"minecraft:music_disc_13":1,"minecraft:dirt":3,"minecraft:dark_oak_log":24,"quark:blossom_wood":2,"savage_and_ravage:creeper_spores":14,"magistuarmory:rusted_bastardsword":2,"minecraft:chain":2,"goblinsanddungeons:polished_scoria":2,"minecraft:iron_pickaxe":1,"minecraft:dark_oak_planks":6,"minecraft:white_wool":2,"epicfight:stray_robe":1,"quark:black_corundum_cluster":1,"minecraft:cyan_carpet":1,"minecraft:bone":1,"minecraft:gravel":1,"minecraft:emerald_block":7,"minecraft:spyglass":1,"minecraft:iron_nugget":2,"minecraft:cobbled_deepslate":3,"minecraft:stripped_dark_oak_log":1,"minecraft:rotten_flesh":5,"minecraft:honey_bottle":1,"immersive_weathering:stone_brick":1,"sophisticatedbackpacks:diamond_backpack":1,"minecraft:chainmail_chestplate":1,"supplementaries:soap":2,"quark:gravisand":2,"minecraft:tipped_arrow":2,"magistuarmory:gothic_leggings":1,"minecraft:gunpowder":1,"alexsmobs:bison_carpet":31,"simple_mobs:imp_scale":1,"apotheosis:gem":2,"minecraft:quartz_block":10,"minecraft:beetroot_seeds":6,"farmersdelight:rope":40,"minecraft:red_nether_bricks":1,"minecraft:arrow":38,"minecraft:iron_bars":5,"magistuarmory:rustedchainmail_boots":1,"minecraft:written_book":1,"minecraft:stone_brick_stairs":4,"immersive_weathering:exposed_iron_bars":9,"minecraft:water_bucket":1,"farmersdelight:tomato_seeds":2,"minecraft:enchanted_book":3,"minecraft:bread":2,"minecraft:wheat_seeds":34,"minecraft:mossy_cobblestone":11,"quark:blossom_planks":8,"minecraft:feather":6,"minecraft:iron_helmet":2,"minecraft:prismarine_crystals":1,"minecraft:apple":2,"minecraft:coal":1,"quark:glass_item_frame":3,"minecraft:stick":8,"minecraft:torch":11,"quest_giver:trading_contract_weaponsmith":1,"minecraft:potion":3,"minecraft:iron_leggings":2,"minecraft:white_banner":2,"minecraft:pumpkin":1,"minecraft:iron_axe":3,"orcz:bone_1deco":2,"minecraft:mossy_cobblestone_stairs":2,"minecraft:paper":5,"minecraft:string":2,"irons_spellbooks:frozen_bone":14,"create:raw_zinc":9,"minecraft:spruce_sapling":1,"minecraft:redstone_block":1,"minecraft:stone_brick_slab":2,"goblinsanddungeons:goblin_crown":1,"minecraft:anvil":1,"epicfight:uchigatana":6,"minecraft:raw_copper":3,"quark:red_corundum_cluster":2,"minecraft:stone_shovel":1,"minecraft:name_tag":1,"minecraft:nether_bricks":10,"quark:black_corundum":1,"minecraft:pumpkin_seeds":4,"supplementaries:cage":1,"minecraft:filled_map":2,"minecraft:shield":2,"minecraft:diamond_pickaxe":4,"minecraft:andesite":73,"minecraft:mossy_stone_bricks":6,"minecraft:stone_bricks":60,"minecraft:bow":1,"minecraft:brown_carpet":1,"minecraft:spruce_log":2,"biomemakeover:illunite_shard":2,"minecraft:stone_pickaxe":1,"minecraft:raw_gold":4,"untamedwilds:flora_junegrass":2,"quark:red_corundum":2},"minecraft:custom":{"lootr:looted_stat":85,"minecraft:interact_with_crafting_table":23,"minecraft:open_barrel":120,"goblintraders:trade_with_goblin":60,"minecraft:leave_game":3,"minecraft:time_since_death":33532,"minecraft:damage_resisted":156,"minecraft:sprint_one_cm":2107783,"champions:champion_mobs_killed":159,"minecraft:damage_blocked_by_shield":350,"minecraft:drop":232,"minecraft:talked_to_villager":5,"minecraft:play_time":626171,"minecraft:deaths":117,"minecraft:jump":3957,"minecraft:walk_on_water_one_cm":41054,"minecraft:interact_with_furnace":19,"minecraft:play_record":1,"minecraft:sleep_in_bed":6,"minecraft:waystone_activated":1,"minecraft:damage_dealt":43887,"minecraft:player_kills":2,"minecraft:crouch_one_cm":27251,"minecraft:inspect_dropper":2,"minecraft:mob_kills":179,"minecraft:inspect_hopper":1,"minecraft:interact_with_campfire":12,"minecraft:damage_dealt_resisted":2717,"minecraft:climb_one_cm":32283,"minecraft:walk_one_cm":4243940,"minecraft:damage_dealt_absorbed":1380,"minecraft:sneak_time":8351,"minecraft:walk_under_water_one_cm":28819,"minecraft:total_world_time":626171,"minecraft:raid_trigger":2,"minecraft:time_since_rest":33566,"minecraft:damage_absorbed":1874,"minecraft:damage_taken":31477,"minecraft:trigger_trapped_chest":10,"minecraft:swim_one_cm":7808,"minecraft:fly_one_cm":1272708,"minecraft:open_chest":148,"minecraft:aviate_one_cm":1733,"minecraft:fall_one_cm":130682},"minecraft:killed_by":{"minecraft:evoker":2,"minecraft:wither_skeleton":2,"orcz:orcirongroupleader":7,"orcz:orcsavage_2sword":1,"orcz:orcsavagemace":1,"monsterplus:crystal_zombie":1,"simple_mobs:bright_elemental":2,"minecraft:pillager":3,"minecraft:ravager":3,"orcz:orcsavagegroupleader":2,"simple_mobs:imp_melee":7,"minecraft:vindicator":7,"creeperoverhaul:cave_creeper":1,"simple_mobs:imp_bomb":6,"minecraft:zombie":3,"alexsmobs:grizzly_bear":5,"alexsmobs:komodo_dragon":2,"simple_mobs:gobber":3,"majruszsdifficulty:cursed_armor":6,"orcz:orcsavageweird":1,"minecraft:vex":19,"minecraft:player":7,"simple_mobs:dark_elemental":1,"minecraft:stray":2,"creeperoverhaul:dripstone_creeper":1,"alexsmobs:tiger":6,"savage_and_ravage:griefer":1,"minecraft:skeleton":6,"simple_mobs:gob":1,"orcz:orcsavage_2swordiron":1,"bloodandmadness:silverbeast":1,"hunterillager:hunterillager":2},"minecraft:used":{"minecraft:beetroot":5,"minecraft:shield":5,"minecraft:iron_sword":33,"minecraft:rotten_flesh":5,"minecraft:iron_chestplate":1,"minecraft:nether_bricks":4,"minecraft:music_disc_13":1,"minecraft:honey_bottle":2,"minecraft:lava_bucket":6,"minecraft:lantern":3,"wom:diamond_staff":708,"minecraft:iron_helmet":1,"minecraft:mossy_cobblestone_slab":2,"minecraft:stone_brick_stairs":2,"minecraft:stone_bricks":134,"minecraft:bedrock":3,"minecraft:bow":11,"minecraft:written_book":2,"minecraft:sweet_berries":37,"minecraft:furnace":2,"quark:glowing_glass_item_frame":1,"minecraft:dark_oak_sapling":5,"minecraft:mossy_stone_bricks":5,"minecraft:stone_pickaxe":4,"minecraft:mossy_stone_brick_stairs":4,"minecraft:redstone_block":1,"minecraft:golden_apple":3,"minecraft:crossbow":55,"minecraft:enderman_spawn_egg":1,"minecraft:dark_oak_log":4,"minecraft:bread":40,"quark:iron_plate":1,"minecraft:deepslate":3,"minecraft:gravel":1,"create:honeyed_apple":1,"alexsmobs:cooked_moose_ribs":1,"minecraft:coal_block":8,"create:chocolate_glazed_berries":2,"minecraft:andesite":19,"minecraft:experience_bottle":53,"minecraft:iron_bars":2,"minecraft:stone_sword":108,"minecraft:stone_shovel":15,"minecraft:cooked_chicken":1,"minecraft:torch":44,"minecraft:anvil":1,"minecraft:dirt":8,"minecraft:spyglass":1,"minecraft:nether_brick_stairs":1,"minecraft:mossy_cobblestone_stairs":1,"minecraft:dark_oak_planks":9,"quest_giver:trading_contract_weaponsmith":11,"minecraft:iron_block":3,"minecraft:iron_axe":19,"minecraft:spawner":1,"minecraft:barrel":1,"quark:cooked_crab_leg":1,"minecraft:cooked_beef":9,"minecraft:cobbled_deepslate":18,"minecraft:iron_leggings":1,"minecraft:calcite":1,"minecraft:cooked_mutton":3,"minecraft:water_bucket":2,"minecraft:cobblestone_stairs":1,"quark:abacus":4,"blue_skies:frostbright_crafting_table":1,"minecraft:cracked_stone_bricks":3,"minecraft:mossy_cobblestone":8,"minecraft:crafting_table":1,"supplementaries:bomb":3,"minecraft:spruce_log":1,"minecraft:diamond_pickaxe":332,"supplementaries:cage":5,"minecraft:apple":18,"minecraft:chicken":1,"minecraft:iron_pickaxe":251,"minecraft:stone_axe":71,"minecraft:enchanted_book":2,"quark:dark_oak_chest":4,"minecraft:potion":10,"minecraft:cooked_porkchop":5,"minecraft:porkchop":1,"minecraft:bucket":3,"epicfight:uchigatana":1029,"quark:golden_frog_leg":3},"minecraft:crafted":{"minecraft:bow":1,"quark:cooked_crab_leg":1,"minecraft:string":1,"minecraft:diamond_pickaxe":2,"minecraft:charcoal":9,"sophisticatedbackpacks:diamond_backpack":1,"minecraft:iron_ingot":63,"minecraft:gold_ingot":90,"solapplepie:lunchbox":1,"minecraft:diamond":9,"wom:diamond_staff":1,"sophisticatedbackpacks:iron_backpack":1,"minecraft:cooked_beef":3,"sophisticatedbackpacks:gold_backpack":1,"minecraft:air":98},"minecraft:mined":{"minecraft:dark_oak_planks":4,"quark:dark_oak_bookshelf":15,"quark:iron_plate":1,"minecraft:spruce_planks":3,"minecraft:cobblestone_stairs":1,"minecraft:jungle_leaves":2,"minecraft:red_nether_bricks":1,"minecraft:orange_wool":1,"minecraft:brewing_stand":2,"minecraft:grass_block":17,"minecraft:coal_block":14,"minecraft:chiseled_stone_bricks":4,"minecraft:spawner":26,"goblinsanddungeons:urn":1,"minecraft:smooth_stone":1,"minecraft:mossy_cobblestone_slab":2,"minecraft:glowstone":1,"minecraft:cobbled_deepslate":19,"minecraft:mossy_cobblestone_stairs":8,"minecraft:iron_ore":8,"minecraft:barrel":6,"minecraft:pumpkin":1,"minecraft:anvil":1,"minecraft:deepslate_lapis_ore":1,"minecraft:nether_brick_stairs":4,"minecraft:dirt_path":1,"minecraft:iron_bars":23,"minecraft:light_gray_concrete":1,"quark:orange_corundum_pane":1,"minecraft:iron_block":3,"alexsmobs:bison_carpet":24,"minecraft:quartz_block":8,"goblinsanddungeons:scoria_brick_stairs":1,"supplementaries:book_pile":3,"immersive_weathering:exposed_iron_bars":3,"minecraft:torch":16,"minecraft:oak_planks":1,"minecraft:damaged_anvil":1,"minecraft:wall_torch":18,"minecraft:amethyst_block":12,"minecraft:chain":1,"supplementaries:hourglass":1,"minecraft:stone_brick_stairs":5,"minecraft:grass":25,"minecraft:dirt":8,"minecraft:oak_leaves":2,"immersive_weathering:dark_oak_leaf_pile":10,"minecraft:deepslate":72,"quark:red_corundum":2,"create:cut_tuff":1,"minecraft:tuff":1,"untamedwilds:flora_junegrass":1,"minecraft:mossy_cobblestone":45,"minecraft:dark_oak_leaves":1,"minecraft:dark_oak_log":2,"minecraft:nether_bricks":18,"minecraft:spruce_leaves":7,"goblinsanddungeons:scoria_bricks":4,"minecraft:furnace":1,"quark:orange_corundum":4,"minecraft:andesite":90,"minecraft:diamond_block":1,"treechop:chopped_log":2,"minecraft:polished_deepslate":1,"minecraft:mossy_stone_brick_stairs":6,"quark:nether_wart_sack":1,"minecraft:deepslate_iron_ore":4,"minecraft:vine":66,"minecraft:stone":19,"supplementaries:wall_lantern":1,"minecraft:redstone_block":5,"quark:dark_oak_chest":4,"minecraft:brown_carpet":1,"goblinsanddungeons:scoria":1,"quark:spruce_bookshelf":7,"minecraft:tall_grass":10,"minecraft:lapis_ore":3,"quark:black_corundum":1,"supplementaries:cage":6,"supplementaries:urn":6,"create:redstone_link":1,"alexsmobs:hummingbird_feeder":1,"quark:blossom_wood":1,"minecraft:sweet_berry_bush":1,"minecraft:spruce_log":6,"alexsmobs:bison_fur_block":1,"minecraft:gravel":4,"minecraft:cyan_carpet":1,"minecraft:cracked_stone_bricks":13,"minecraft:stone_bricks":32,"minecraft:mossy_stone_bricks":38,"minecraft:fern":4},"minecraft:picked_up":{"minecraft:wheat":5,"minecraft:chainmail_boots":1,"minecraft:redstone_block":6,"minecraft:anvil":1,"simple_mobs:toxic_gland":1,"quest_giver:trading_contract_weaponsmith":1,"minecraft:enchanted_book":22,"minecraft:potion":8,"minecraft:stone_brick_stairs":6,"minecraft:brewing_stand":2,"minecraft:amethyst_block":12,"minecraft:string":8,"quark:iron_plate":1,"minecraft:red_nether_bricks":1,"minecraft:iron_leggings":2,"minecraft:beetroot":5,"minecraft:cobbled_deepslate":35,"supplementaries:hourglass":1,"alexsmobs:cooked_moose_ribs":1,"minecraft:written_book":5,"minecraft:coal_block":15,"minecraft:iron_boots":1,"alexsmobs:banana_peel":9,"create:chocolate_glazed_berries":2,"minecraft:furnace":1,"minecraft:tipped_arrow":3,"minecraft:stick":16,"apotheosis:gem":9,"minecraft:torch":33,"quark:nether_wart_sack":1,"minecraft:porkchop":6,"quark:glowing_glass_item_frame":1,"quark:blossom_planks":4,"minecraft:brown_carpet":1,"minecraft:quartz_block":10,"minecraft:stone_sword":1,"quark:bottled_cloud":2,"minecraft:honey_bottle":3,"minecraft:rotten_flesh":15,"farmersdelight:onion":28,"minecraft:iron_block":3,"farmersdelight:rope":40,"quark:orange_rune":1,"epicfight:stray_robe":1,"minecraft:iron_bars":25,"simple_mobs:lycanthrope_elixir":1,"minecraft:cobblestone":14,"wom:diamond_staff":1,"minecraft:mossy_cobblestone_slab":2,"minecraft:feather":6,"minecraft:cooked_beef":2,"orcz:orcteeth":2,"magistuarmory:rustedchainmail_boots":1,"minecraft:iron_door":2,"minecraft:water_bucket":1,"minecraft:andesite":100,"minecraft:golden_leggings":1,"minecraft:potato":9,"paraglider:spirit_orb":1,"quark:black_corundum_cluster":1,"supplementaries:flax_seeds":2,"minecraft:dirt":18,"minecraft:lantern":3,"untamedwilds:flora_junegrass":2,"minecraft:bone":31,"minecraft:bow":2,"minecraft:wheat_seeds":45,"minecraft:raw_gold":8,"biomemakeover:illunite_shard":2,"minecraft:mossy_stone_bricks":14,"minecraft:glowstone_dust":5,"minecraft:mossy_stone_brick_stairs":5,"irons_spellbooks:frozen_bone":29,"paraglider:essence":1,"minecraft:cooked_porkchop":5,"minecraft:music_disc_13":2,"minecraft:nether_brick_stairs":2,"minecraft:spectral_arrow":1,"minecraft:diamond_block":1,"solapplepie:lunchbag":1,"quark:gravisand":2,"minecraft:barrel":2,"minecraft:dark_oak_log":41,"quark:red_corundum":2,"alexsmobs:bison_carpet":32,"create:honeyed_apple":1,"minecraft:mossy_cobblestone":29,"minecraft:diamond":4,"minecraft:crossbow":2,"minecraft:chainmail_helmet":1,"alexsmobs:moose_ribs":2,"minecraft:bread":6,"minecraft:emerald":112,"orcz:ironscrap":2,"minecraft:diamond_pickaxe":3,"minecraft:charcoal":6,"dawncraft:crystallized_xp":12,"minecraft:splash_potion":1,"minecraft:chicken":2,"immersive_weathering:exposed_iron_bars":9,"minecraft:chain":2,"quark:dark_oak_chest":4,"minecraft:shield":3,"alexsmobs:hummingbird_feeder":1,"minecraft:iron_axe":4,"epicfight:stray_hat":1,"create:redstone_link":1,"minecraft:cyan_carpet":1,"bloodandmadness:blood_vial":1,"minecraft:cracked_stone_bricks":5,"minecraft:beef":2,"minecraft:iron_nugget":2,"supplementaries:cage":8,"minecraft:dark_oak_sapling":46,"minecraft:raw_iron":16,"sophisticatedbackpacks:backpack":1,"farmersdelight:tomato_seeds":2,"magistuarmory:rustedkettlehat":1,"quark:slime_in_a_bucket":1,"minecraft:carrot":7,"minecraft:prismarine_crystals":2,"goblinsanddungeons:goblin_crown":2,"minecraft:dark_oak_planks":7,"hexerei:sage_seed":1,"minecraft:arrow":97,"minecraft:stone_shovel":1,"minecraft:beetroot_seeds":6,"minecraft:nether_bricks":14,"bloodandmadness:sanguisteel_nugget":1,"minecraft:saddle":2,"minecraft:totem_of_undying":2,"minecraft:mutton":3,"minecraft:white_wool":2,"quark:crab_leg":1,"minecraft:air":0,"minecraft:glow_ink_sac":4,"minecraft:leather":2,"quark:blossom_wood":2,"majruszsdifficulty:cloth":2,"savage_and_ravage:creeper_spores":14,"minecraft:chainmail_chestplate":1,"minecraft:gunpowder":5,"minecraft:cobblestone_stairs":1,"minecraft:paper":5,"minecraft:white_banner":7,"minecraft:cooked_mutton":3,"minecraft:apple":2,"minecraft:stone_bricks":95,"magistuarmory:gothic_leggings":1,"minecraft:iron_ingot":21,"minecraft:stone_pickaxe":1,"minecraft:cooked_chicken":2,"minecraft:cobweb":2,"minecraft:glass_bottle":3,"minecraft:iron_sword":2,"sophisticatedbackpacks:diamond_backpack":1,"quark:black_corundum":1,"minecraft:book":66,"simple_mobs:imp_scale":5,"quark:red_corundum_cluster":2,"minecraft:pumpkin":1,"minecraft:sweet_berries":34,"minecraft:chiseled_stone_bricks":2,"minecraft:stone_brick_slab":2,"quark:glass_item_frame":5,"minecraft:spyglass":1,"orcz:bone_1deco":2,"minecraft:gravel":2,"minecraft:amethyst_shard":10,"epicfight:uchigatana":7,"minecraft:spruce_sapling":1,"minecraft:spruce_log":3,"simple_mobs:blighted_meat":3,"immersive_weathering:stone_brick":1,"minecraft:leather_helmet":2,"minecraft:stone_axe":2,"magistuarmory:rusted_bastardsword":2,"minecraft:iron_helmet":1,"minecraft:mossy_cobblestone_stairs":3,"minecraft:damaged_anvil":1,"goblinsanddungeons:polished_scoria":2,"minecraft:coal":1,"minecraft:stripped_dark_oak_log":1},"minecraft:killed":{"simple_mobs:imp_melee":3,"minecraft:cave_spider":4,"minecraft:witch":2,"simple_mobs:hobgob":1,"minecraft:spider":2,"orcz:orcshieldiron":1,"minecraft:skeleton":8,"monsterplus:glow_skeleton":2,"hunterillager:hunterillager":2,"savage_and_ravage:griefer":3,"goblinsanddungeons:garch":1,"minecraft:chicken":2,"minecraft:silverfish":3,"savage_and_ravage:creepie":20,"alexsmobs:grizzly_bear":1,"simple_mobs:gobber":4,"savage_and_ravage:executioner":1,"untamedwilds:boar":1,"orcz:orcsavage_2swordiron":1,"minecraft:sheep":2,"minecraft:pillager":33,"minecraft:zombie":8,"minecraft:stray":9,"orcz:orcshield":1,"alexsmobs:komodo_dragon":1,"minecraft:vex":9,"minecraft:evoker":4,"bloodandmadness:church_doctor":1,"alexsmobs:tiger":2,"minecraft:vindicator":10,"minecraft:zoglin":3,"simple_mobs:imp_range":5,"minecraft:horse":1,"simple_mobs:vampire":1,"simple_mobs:toxic_goop":1,"orcz:orcsavagemace":1,"minecraft:husk":3,"simple_mobs:minotaur":1,"majruszsdifficulty:cursed_armor":3,"bloodandmadness:church_doctor_lantern":1,"minecraft:ravager":2,"bloodandmadness:church_doctor_crucifix":1,"simple_mobs:gob":1,"simple_mobs:goblo":2,"alexsmobs:bunfungus":1,"minecraft:wither_skeleton":4}},"DataVersion":2975}