{"stats":{"minecraft:killed_by":{"minecraft:evoker":2,"minecraft:player":6,"simple_mobs:dark_elemental":1,"orcz:orcirongroupleader":7,"orcz:orcsavage_2sword":1,"orcz:orcsavagemace":1,"minecraft:pillager":3,"minecraft:ravager":3,"orcz:orcsavagegroupleader":2,"alexsmobs:tiger":6,"savage_and_ravage:griefer":1,"minecraft:vindicator":7,"minecraft:zombie":1,"simple_mobs:gob":1,"alexsmobs:grizzly_bear":5,"alexsmobs:komodo_dragon":2,"simple_mobs:gobber":1,"orcz:orcsavage_2swordiron":1,"orcz:orcsavageweird":1,"hunterillager:hunterillager":2,"minecraft:vex":19},"minecraft:mined":{"minecraft:dark_oak_planks":4,"quark:dark_oak_bookshelf":15,"create:cut_tuff":1,"quark:red_corundum":2,"minecraft:tuff":1,"quark:iron_plate":1,"minecraft:spruce_planks":3,"untamedwilds:flora_junegrass":1,"minecraft:dark_oak_leaves":1,"minecraft:jungle_leaves":2,"minecraft:orange_wool":1,"minecraft:brewing_stand":2,"minecraft:grass_block":17,"goblinsanddungeons:urn":1,"goblinsanddungeons:scoria_bricks":1,"minecraft:spawner":4,"quark:orange_corundum":4,"minecraft:barrel":6,"minecraft:diamond_block":1,"minecraft:pumpkin":1,"treechop:chopped_log":2,"minecraft:polished_deepslate":1,"minecraft:dirt_path":1,"quark:nether_wart_sack":1,"minecraft:vine":1,"minecraft:iron_bars":4,"minecraft:light_gray_concrete":1,"quark:orange_corundum_pane":1,"supplementaries:wall_lantern":1,"alexsmobs:bison_carpet":24,"supplementaries:book_pile":2,"quark:dark_oak_chest":4,"quark:spruce_bookshelf":7,"immersive_weathering:exposed_iron_bars":3,"minecraft:torch":1,"minecraft:tall_grass":10,"minecraft:damaged_anvil":1,"quark:black_corundum":1,"supplementaries:cage":5,"minecraft:amethyst_block":12,"supplementaries:urn":1,"create:redstone_link":1,"alexsmobs:hummingbird_feeder":1,"quark:blossom_wood":1,"supplementaries:hourglass":1,"minecraft:spruce_log":6,"minecraft:grass":24,"alexsmobs:bison_fur_block":1,"minecraft:gravel":1,"minecraft:dirt":1,"immersive_weathering:dark_oak_leaf_pile":10,"minecraft:fern":4},"minecraft:used":{"minecraft:beetroot":5,"minecraft:stone_shovel":15,"minecraft:iron_sword":33,"minecraft:cooked_chicken":1,"minecraft:iron_chestplate":1,"minecraft:spyglass":1,"minecraft:dirt":8,"minecraft:honey_bottle":2,"minecraft:dark_oak_planks":9,"minecraft:iron_axe":8,"minecraft:lantern":3,"wom:diamond_staff":492,"minecraft:iron_helmet":1,"minecraft:barrel":1,"minecraft:written_book":2,"minecraft:cooked_beef":2,"minecraft:iron_leggings":1,"quark:glowing_glass_item_frame":1,"minecraft:dark_oak_sapling":5,"minecraft:cooked_mutton":3,"minecraft:stone_pickaxe":4,"quark:abacus":4,"minecraft:crossbow":26,"minecraft:spruce_log":1,"minecraft:apple":6,"minecraft:chicken":1,"minecraft:bread":17,"minecraft:iron_pickaxe":48,"quark:iron_plate":1,"minecraft:stone_axe":71,"minecraft:enchanted_book":1,"minecraft:potion":2,"quark:dark_oak_chest":4,"create:chocolate_glazed_berries":2,"minecraft:cooked_porkchop":5,"epicfight:uchigatana":483,"quark:golden_frog_leg":3,"minecraft:experience_bottle":53},"minecraft:killed":{"minecraft:evoker":4,"minecraft:vex":9,"bloodandmadness:church_doctor":1,"minecraft:witch":2,"simple_mobs:hobgob":1,"alexsmobs:tiger":2,"minecraft:spider":1,"minecraft:vindicator":10,"orcz:orcshieldiron":1,"minecraft:zoglin":3,"minecraft:horse":1,"savage_and_ravage:griefer":3,"hunterillager:hunterillager":2,"minecraft:chicken":1,"minecraft:silverfish":3,"simple_mobs:toxic_goop":1,"orcz:orcsavagemace":1,"savage_and_ravage:creepie":20,"alexsmobs:grizzly_bear":1,"simple_mobs:gobber":2,"savage_and_ravage:executioner":1,"untamedwilds:boar":1,"bloodandmadness:church_doctor_lantern":1,"minecraft:ravager":2,"orcz:orcsavage_2swordiron":1,"minecraft:sheep":2,"minecraft:pillager":33,"minecraft:zombie":2,"bloodandmadness:church_doctor_crucifix":1,"simple_mobs:gob":1,"simple_mobs:goblo":2,"alexsmobs:bunfungus":1,"orcz:orcshield":1,"alexsmobs:komodo_dragon":1},"minecraft:broken":{"minecraft:iron_boots":1,"minecraft:iron_chestplate":1,"minecraft:iron_leggings":1,"minecraft:chainmail_helmet":1,"minecraft:chainmail_boots":1,"minecraft:iron_helmet":1,"jet_and_elias_armors:outrider_set_helmet":1},"minecraft:dropped":{"minecraft:bread":2,"minecraft:iron_sword":2,"minecraft:wheat_seeds":1,"minecraft:glass_bottle":1,"minecraft:dark_oak_sapling":7,"minecraft:iron_helmet":1,"minecraft:prismarine_crystals":1,"minecraft:leather":2,"minecraft:apple":2,"minecraft:saddle":1,"minecraft:emerald":1,"quark:glass_item_frame":2,"minecraft:dirt":1,"minecraft:dark_oak_log":4,"minecraft:torch":2,"savage_and_ravage:creeper_spores":13,"goblinsanddungeons:polished_scoria":1,"minecraft:iron_axe":3,"minecraft:iron_leggings":2,"minecraft:white_banner":2,"quark:black_corundum_cluster":1,"minecraft:emerald_block":7,"minecraft:iron_nugget":2,"epicfight:uchigatana":6,"quark:red_corundum_cluster":2,"minecraft:stone_shovel":1,"quark:black_corundum":1,"sophisticatedbackpacks:diamond_backpack":1,"supplementaries:cage":1,"minecraft:gunpowder":1,"minecraft:diamond_pickaxe":4,"minecraft:stone_pickaxe":1,"magistuarmory:rustedchainmail_boots":1,"minecraft:written_book":1,"immersive_weathering:exposed_iron_bars":9,"quark:red_corundum":2,"minecraft:enchanted_book":1},"minecraft:crafted":{"minecraft:diamond":9,"wom:diamond_staff":1,"sophisticatedbackpacks:iron_backpack":1,"sophisticatedbackpacks:gold_backpack":1,"minecraft:air":51,"minecraft:diamond_pickaxe":2,"sophisticatedbackpacks:diamond_backpack":1},"minecraft:custom":{"lootr:looted_stat":10,"minecraft:inspect_dropper":2,"minecraft:mob_kills":119,"minecraft:inspect_hopper":1,"minecraft:interact_with_crafting_table":13,"minecraft:open_barrel":120,"minecraft:interact_with_campfire":12,"minecraft:damage_dealt_resisted":894,"minecraft:leave_game":1,"minecraft:time_since_death":1353,"minecraft:climb_one_cm":1496,"minecraft:sprint_one_cm":916543,"champions:champion_mobs_killed":106,"minecraft:walk_one_cm":2242389,"minecraft:drop":73,"minecraft:damage_dealt_absorbed":1200,"minecraft:talked_to_villager":5,"minecraft:play_time":327211,"minecraft:deaths":76,"minecraft:sneak_time":3880,"minecraft:walk_under_water_one_cm":9693,"minecraft:jump":2369,"minecraft:walk_on_water_one_cm":2376,"minecraft:total_world_time":327211,"minecraft:raid_trigger":2,"minecraft:sleep_in_bed":4,"minecraft:time_since_rest":1378,"minecraft:waystone_activated":1,"minecraft:damage_taken":20674,"minecraft:damage_absorbed":1138,"minecraft:trigger_trapped_chest":10,"minecraft:damage_dealt":29734,"minecraft:swim_one_cm":3622,"minecraft:fly_one_cm":755983,"minecraft:player_kills":2,"minecraft:open_chest":144,"minecraft:crouch_one_cm":18909,"minecraft:fall_one_cm":48400},"minecraft:picked_up":{"dawncraft:crystallized_xp":10,"minecraft:wheat":5,"minecraft:splash_potion":1,"minecraft:chicken":2,"simple_mobs:toxic_gland":1,"minecraft:potion":5,"immersive_weathering:exposed_iron_bars":9,"minecraft:enchanted_book":15,"quark:dark_oak_chest":4,"minecraft:brewing_stand":2,"minecraft:amethyst_block":12,"alexsmobs:hummingbird_feeder":1,"minecraft:string":2,"minecraft:iron_axe":4,"quark:iron_plate":1,"minecraft:iron_leggings":2,"create:redstone_link":1,"minecraft:beetroot":5,"bloodandmadness:blood_vial":1,"supplementaries:hourglass":1,"alexsmobs:cooked_moose_ribs":1,"minecraft:beef":2,"minecraft:written_book":5,"minecraft:iron_nugget":2,"supplementaries:cage":6,"create:chocolate_glazed_berries":2,"alexsmobs:banana_peel":9,"minecraft:iron_boots":1,"minecraft:tipped_arrow":1,"minecraft:dark_oak_sapling":29,"minecraft:stick":16,"apotheosis:gem":7,"minecraft:torch":1,"quark:nether_wart_sack":1,"sophisticatedbackpacks:backpack":1,"minecraft:porkchop":6,"quark:glowing_glass_item_frame":1,"quark:slime_in_a_bucket":1,"minecraft:carrot":7,"minecraft:prismarine_crystals":2,"minecraft:dark_oak_planks":4,"hexerei:sage_seed":1,"minecraft:rotten_flesh":13,"quark:bottled_cloud":2,"minecraft:arrow":63,"minecraft:honey_bottle":3,"minecraft:stone_shovel":1,"minecraft:beetroot_seeds":6,"farmersdelight:onion":28,"bloodandmadness:sanguisteel_nugget":1,"quark:orange_rune":1,"minecraft:saddle":2,"minecraft:totem_of_undying":2,"minecraft:mutton":3,"minecraft:iron_bars":6,"minecraft:white_wool":2,"quark:crab_leg":1,"minecraft:cooked_beef":2,"minecraft:air":0,"minecraft:feather":3,"orcz:orcteeth":2,"magistuarmory:rustedchainmail_boots":1,"minecraft:iron_door":2,"minecraft:leather":2,"quark:blossom_wood":1,"minecraft:potato":9,"paraglider:spirit_orb":1,"quark:black_corundum_cluster":1,"savage_and_ravage:creeper_spores":13,"minecraft:gunpowder":3,"minecraft:dirt":11,"minecraft:lantern":3,"minecraft:white_banner":7,"untamedwilds:flora_junegrass":1,"minecraft:cooked_mutton":3,"minecraft:bone":3,"minecraft:wheat_seeds":12,"biomemakeover:illunite_shard":2,"minecraft:stone_pickaxe":1,"minecraft:cooked_chicken":2,"minecraft:glowstone_dust":1,"minecraft:iron_sword":2,"sophisticatedbackpacks:diamond_backpack":1,"quark:black_corundum":1,"minecraft:book":66,"quark:red_corundum_cluster":2,"paraglider:essence":1,"minecraft:cooked_porkchop":5,"minecraft:pumpkin":1,"minecraft:stone_brick_slab":1,"quark:glass_item_frame":4,"minecraft:spyglass":1,"minecraft:gravel":1,"minecraft:amethyst_shard":10,"epicfight:uchigatana":7,"minecraft:spruce_log":2,"quark:red_corundum":2,"minecraft:diamond_block":1,"minecraft:barrel":2,"quark:gravisand":1,"create:honeyed_apple":1,"minecraft:dark_oak_log":39,"alexsmobs:bison_carpet":32,"minecraft:diamond":4,"minecraft:stone_axe":2,"magistuarmory:rusted_bastardsword":1,"minecraft:iron_helmet":1,"minecraft:bread":6,"minecraft:emerald":112,"alexsmobs:moose_ribs":2,"orcz:ironscrap":2,"goblinsanddungeons:polished_scoria":2,"minecraft:damaged_anvil":1,"minecraft:diamond_pickaxe":3}},"DataVersion":2975}