{"stats":{"minecraft:picked_up":{"minecraft:oak_log":1,"minecraft:dirt":3},"minecraft:custom":{"minecraft:jump":13,"minecraft:time_since_rest":2615,"minecraft:leave_game":1,"minecraft:sprint_one_cm":492,"minecraft:crouch_one_cm":181,"minecraft:play_time":2615,"minecraft:time_since_death":2615,"minecraft:walk_one_cm":3742,"minecraft:sneak_time":33,"minecraft:total_world_time":2615,"minecraft:fall_one_cm":209,"minecraft:fly_one_cm":77561},"minecraft:mined":{"minecraft:grass_block":4,"minecraft:oak_log":2,"minecraft:oak_leaves":3}},"DataVersion":2975}