{"stats":{"minecraft:dropped":{"minecraft:iron_sword":2,"minecraft:glass_bottle":3,"minecraft:dark_oak_sapling":7,"minecraft:crossbow":2,"minecraft:leather":2,"minecraft:mossy_stone_brick_stairs":1,"minecraft:cracked_stone_bricks":1,"minecraft:saddle":2,"minecraft:leather_helmet":2,"minecraft:music_disc_13":1,"minecraft:emerald":1,"minecraft:dirt":3,"minecraft:dark_oak_log":4,"quark:blossom_wood":2,"savage_and_ravage:creeper_spores":13,"minecraft:chain":2,"goblinsanddungeons:polished_scoria":2,"minecraft:dark_oak_planks":6,"minecraft:white_wool":2,"quark:black_corundum_cluster":1,"minecraft:cyan_carpet":1,"minecraft:gravel":1,"minecraft:emerald_block":7,"minecraft:spyglass":1,"minecraft:iron_nugget":2,"minecraft:honey_bottle":1,"sophisticatedbackpacks:diamond_backpack":1,"quark:gravisand":2,"minecraft:gunpowder":1,"alexsmobs:bison_carpet":31,"simple_mobs:imp_scale":1,"minecraft:iron_bars":3,"magistuarmory:rustedchainmail_boots":1,"minecraft:stone_brick_stairs":1,"minecraft:written_book":1,"immersive_weathering:exposed_iron_bars":9,"farmersdelight:tomato_seeds":2,"minecraft:enchanted_book":2,"minecraft:bread":2,"minecraft:wheat_seeds":34,"quark:blossom_planks":8,"minecraft:iron_helmet":1,"minecraft:prismarine_crystals":1,"minecraft:apple":2,"quark:glass_item_frame":3,"minecraft:stick":8,"minecraft:torch":2,"quest_giver:trading_contract_weaponsmith":1,"minecraft:iron_leggings":2,"minecraft:pumpkin":1,"minecraft:white_banner":2,"minecraft:iron_axe":3,"create:raw_zinc":9,"minecraft:spruce_sapling":1,"minecraft:stone_brick_slab":2,"goblinsanddungeons:goblin_crown":1,"epicfight:uchigatana":6,"minecraft:raw_copper":3,"quark:red_corundum_cluster":2,"minecraft:stone_shovel":1,"minecraft:name_tag":1,"quark:black_corundum":1,"supplementaries:cage":1,"minecraft:filled_map":2,"minecraft:diamond_pickaxe":4,"minecraft:andesite":31,"minecraft:mossy_stone_bricks":1,"minecraft:stone_bricks":54,"minecraft:brown_carpet":1,"biomemakeover:illunite_shard":2,"minecraft:spruce_log":2,"minecraft:stone_pickaxe":1,"quark:red_corundum":2},"minecraft:killed_by":{"minecraft:evoker":2,"orcz:orcirongroupleader":7,"orcz:orcsavage_2sword":1,"orcz:orcsavagemace":1,"minecraft:pillager":3,"minecraft:ravager":3,"orcz:orcsavagegroupleader":2,"minecraft:vindicator":7,"simple_mobs:imp_bomb":2,"minecraft:zombie":1,"alexsmobs:grizzly_bear":5,"alexsmobs:komodo_dragon":2,"simple_mobs:gobber":3,"orcz:orcsavageweird":1,"minecraft:vex":19,"minecraft:player":7,"simple_mobs:dark_elemental":1,"alexsmobs:tiger":6,"savage_and_ravage:griefer":1,"minecraft:skeleton":1,"simple_mobs:gob":1,"orcz:orcsavage_2swordiron":1,"hunterillager:hunterillager":2},"minecraft:picked_up":{"minecraft:wheat":5,"simple_mobs:toxic_gland":1,"quest_giver:trading_contract_weaponsmith":1,"minecraft:enchanted_book":19,"minecraft:potion":5,"minecraft:stone_brick_stairs":1,"minecraft:brewing_stand":2,"minecraft:amethyst_block":12,"minecraft:string":2,"quark:iron_plate":1,"minecraft:iron_leggings":2,"minecraft:beetroot":5,"supplementaries:hourglass":1,"alexsmobs:cooked_moose_ribs":1,"minecraft:written_book":5,"minecraft:furnace":1,"minecraft:iron_boots":1,"create:chocolate_glazed_berries":2,"alexsmobs:banana_peel":9,"minecraft:tipped_arrow":1,"minecraft:stick":16,"apotheosis:gem":7,"minecraft:torch":1,"quark:nether_wart_sack":1,"minecraft:porkchop":6,"quark:glowing_glass_item_frame":1,"quark:blossom_planks":4,"minecraft:brown_carpet":1,"quark:bottled_cloud":2,"minecraft:rotten_flesh":13,"minecraft:honey_bottle":3,"farmersdelight:onion":28,"quark:orange_rune":1,"minecraft:iron_bars":17,"simple_mobs:lycanthrope_elixir":1,"minecraft:cobblestone":13,"minecraft:cooked_beef":2,"minecraft:feather":3,"orcz:orcteeth":2,"magistuarmory:rustedchainmail_boots":1,"minecraft:iron_door":2,"minecraft:andesite":31,"minecraft:potato":9,"paraglider:spirit_orb":1,"quark:black_corundum_cluster":1,"minecraft:dirt":11,"minecraft:lantern":3,"untamedwilds:flora_junegrass":1,"minecraft:bone":5,"minecraft:bow":2,"minecraft:wheat_seeds":45,"biomemakeover:illunite_shard":2,"minecraft:mossy_stone_bricks":1,"minecraft:glowstone_dust":1,"minecraft:mossy_stone_brick_stairs":1,"paraglider:essence":1,"minecraft:cooked_porkchop":5,"minecraft:music_disc_13":2,"create:honeyed_apple":1,"alexsmobs:bison_carpet":32,"minecraft:diamond_block":1,"minecraft:barrel":2,"quark:red_corundum":2,"minecraft:dark_oak_log":39,"solapplepie:lunchbag":1,"quark:gravisand":2,"minecraft:diamond":4,"minecraft:crossbow":2,"minecraft:bread":6,"alexsmobs:moose_ribs":2,"minecraft:emerald":112,"orcz:ironscrap":2,"minecraft:diamond_pickaxe":3,"minecraft:charcoal":6,"dawncraft:crystallized_xp":10,"minecraft:splash_potion":1,"minecraft:chicken":2,"immersive_weathering:exposed_iron_bars":9,"minecraft:chain":2,"quark:dark_oak_chest":4,"alexsmobs:hummingbird_feeder":1,"minecraft:iron_axe":4,"create:redstone_link":1,"minecraft:cyan_carpet":1,"bloodandmadness:blood_vial":1,"minecraft:cracked_stone_bricks":1,"minecraft:beef":2,"minecraft:iron_nugget":2,"supplementaries:cage":6,"minecraft:dark_oak_sapling":29,"minecraft:raw_iron":6,"sophisticatedbackpacks:backpack":1,"farmersdelight:tomato_seeds":2,"quark:slime_in_a_bucket":1,"minecraft:carrot":7,"minecraft:prismarine_crystals":2,"goblinsanddungeons:goblin_crown":2,"minecraft:dark_oak_planks":7,"hexerei:sage_seed":1,"minecraft:arrow":79,"minecraft:stone_shovel":1,"minecraft:beetroot_seeds":6,"bloodandmadness:sanguisteel_nugget":1,"minecraft:saddle":2,"minecraft:totem_of_undying":2,"minecraft:mutton":3,"minecraft:white_wool":2,"quark:crab_leg":1,"minecraft:air":0,"minecraft:leather":2,"quark:blossom_wood":2,"majruszsdifficulty:cloth":1,"savage_and_ravage:creeper_spores":13,"minecraft:chainmail_chestplate":1,"minecraft:gunpowder":3,"minecraft:white_banner":7,"minecraft:cooked_mutton":3,"minecraft:stone_bricks":62,"minecraft:iron_ingot":21,"minecraft:stone_pickaxe":1,"minecraft:cooked_chicken":2,"minecraft:glass_bottle":1,"minecraft:iron_sword":2,"sophisticatedbackpacks:diamond_backpack":1,"quark:black_corundum":1,"minecraft:book":66,"simple_mobs:imp_scale":2,"quark:red_corundum_cluster":2,"minecraft:pumpkin":1,"minecraft:sweet_berries":34,"minecraft:stone_brick_slab":2,"quark:glass_item_frame":5,"minecraft:spyglass":1,"minecraft:gravel":2,"minecraft:amethyst_shard":10,"epicfight:uchigatana":7,"minecraft:spruce_sapling":1,"minecraft:spruce_log":3,"simple_mobs:blighted_meat":3,"minecraft:leather_helmet":2,"minecraft:stone_axe":2,"magistuarmory:rusted_bastardsword":1,"minecraft:iron_helmet":1,"goblinsanddungeons:polished_scoria":2,"minecraft:damaged_anvil":1},"minecraft:mined":{"minecraft:dark_oak_planks":4,"quark:dark_oak_bookshelf":15,"quark:iron_plate":1,"minecraft:spruce_planks":3,"minecraft:jungle_leaves":2,"minecraft:orange_wool":1,"minecraft:brewing_stand":2,"minecraft:grass_block":17,"minecraft:spawner":8,"goblinsanddungeons:urn":1,"minecraft:smooth_stone":1,"minecraft:iron_ore":2,"minecraft:barrel":6,"minecraft:pumpkin":1,"minecraft:dirt_path":1,"minecraft:iron_bars":13,"minecraft:light_gray_concrete":1,"quark:orange_corundum_pane":1,"alexsmobs:bison_carpet":24,"goblinsanddungeons:scoria_brick_stairs":1,"supplementaries:book_pile":3,"immersive_weathering:exposed_iron_bars":3,"minecraft:torch":1,"minecraft:oak_planks":1,"minecraft:damaged_anvil":1,"minecraft:amethyst_block":12,"minecraft:chain":1,"supplementaries:hourglass":1,"minecraft:stone_brick_stairs":1,"minecraft:grass":25,"minecraft:dirt":1,"immersive_weathering:dark_oak_leaf_pile":10,"minecraft:oak_leaves":2,"create:cut_tuff":1,"quark:red_corundum":2,"minecraft:tuff":1,"untamedwilds:flora_junegrass":1,"minecraft:dark_oak_leaves":1,"minecraft:spruce_leaves":7,"goblinsanddungeons:scoria_bricks":4,"minecraft:furnace":1,"quark:orange_corundum":4,"minecraft:andesite":11,"minecraft:diamond_block":1,"treechop:chopped_log":2,"minecraft:polished_deepslate":1,"minecraft:mossy_stone_brick_stairs":1,"quark:nether_wart_sack":1,"minecraft:vine":2,"minecraft:stone":13,"supplementaries:wall_lantern":1,"quark:dark_oak_chest":4,"minecraft:brown_carpet":1,"quark:spruce_bookshelf":7,"minecraft:tall_grass":10,"quark:black_corundum":1,"supplementaries:cage":5,"supplementaries:urn":3,"create:redstone_link":1,"alexsmobs:hummingbird_feeder":1,"quark:blossom_wood":1,"minecraft:sweet_berry_bush":1,"minecraft:spruce_log":6,"alexsmobs:bison_fur_block":1,"minecraft:gravel":1,"minecraft:cyan_carpet":1,"minecraft:cracked_stone_bricks":2,"minecraft:stone_bricks":8,"minecraft:mossy_stone_bricks":2,"minecraft:fern":4},"minecraft:broken":{"minecraft:iron_boots":1,"minecraft:iron_chestplate":2,"minecraft:iron_leggings":1,"minecraft:chainmail_boots":1,"minecraft:chainmail_helmet":1,"minecraft:iron_helmet":1,"jet_and_elias_armors:outrider_set_helmet":1},"minecraft:killed":{"minecraft:witch":2,"simple_mobs:hobgob":1,"minecraft:spider":1,"orcz:orcshieldiron":1,"minecraft:skeleton":2,"hunterillager:hunterillager":2,"savage_and_ravage:griefer":3,"goblinsanddungeons:garch":1,"minecraft:chicken":1,"minecraft:silverfish":3,"savage_and_ravage:creepie":20,"alexsmobs:grizzly_bear":1,"simple_mobs:gobber":4,"savage_and_ravage:executioner":1,"untamedwilds:boar":1,"orcz:orcsavage_2swordiron":1,"minecraft:sheep":2,"minecraft:pillager":33,"minecraft:zombie":3,"orcz:orcshield":1,"alexsmobs:komodo_dragon":1,"minecraft:vex":9,"minecraft:evoker":4,"bloodandmadness:church_doctor":1,"alexsmobs:tiger":2,"minecraft:vindicator":10,"minecraft:zoglin":3,"minecraft:horse":1,"simple_mobs:toxic_goop":1,"orcz:orcsavagemace":1,"minecraft:husk":1,"simple_mobs:minotaur":1,"majruszsdifficulty:cursed_armor":1,"bloodandmadness:church_doctor_lantern":1,"minecraft:ravager":2,"bloodandmadness:church_doctor_crucifix":1,"simple_mobs:gob":1,"simple_mobs:goblo":2,"alexsmobs:bunfungus":1},"minecraft:crafted":{"minecraft:bow":1,"quark:cooked_crab_leg":1,"minecraft:string":1,"minecraft:charcoal":9,"minecraft:diamond_pickaxe":2,"sophisticatedbackpacks:diamond_backpack":1,"minecraft:iron_ingot":4,"solapplepie:lunchbox":1,"minecraft:diamond":9,"wom:diamond_staff":1,"sophisticatedbackpacks:iron_backpack":1,"minecraft:cooked_beef":3,"sophisticatedbackpacks:gold_backpack":1,"minecraft:air":77},"minecraft:custom":{"lootr:looted_stat":25,"minecraft:interact_with_crafting_table":18,"minecraft:open_barrel":120,"minecraft:leave_game":2,"minecraft:time_since_death":20848,"minecraft:sprint_one_cm":1118615,"champions:champion_mobs_killed":115,"minecraft:drop":134,"minecraft:talked_to_villager":5,"minecraft:play_time":420244,"minecraft:deaths":82,"minecraft:jump":2894,"minecraft:walk_on_water_one_cm":3686,"minecraft:interact_with_furnace":18,"minecraft:play_record":1,"minecraft:sleep_in_bed":6,"minecraft:waystone_activated":1,"minecraft:damage_dealt":32731,"minecraft:player_kills":2,"minecraft:crouch_one_cm":20275,"minecraft:inspect_dropper":2,"minecraft:mob_kills":130,"minecraft:inspect_hopper":1,"minecraft:interact_with_campfire":12,"minecraft:damage_dealt_resisted":920,"minecraft:climb_one_cm":3276,"minecraft:walk_one_cm":2814292,"minecraft:damage_dealt_absorbed":1284,"minecraft:sneak_time":4430,"minecraft:walk_under_water_one_cm":10238,"minecraft:total_world_time":420244,"minecraft:raid_trigger":2,"minecraft:time_since_rest":20882,"minecraft:damage_absorbed":1138,"minecraft:damage_taken":22350,"minecraft:trigger_trapped_chest":10,"minecraft:swim_one_cm":6754,"minecraft:fly_one_cm":869177,"minecraft:open_chest":148,"minecraft:aviate_one_cm":1733,"minecraft:fall_one_cm":59389},"minecraft:used":{"minecraft:beetroot":5,"minecraft:iron_sword":33,"minecraft:iron_chestplate":1,"minecraft:music_disc_13":1,"minecraft:honey_bottle":2,"minecraft:lantern":3,"wom:diamond_staff":539,"minecraft:iron_helmet":1,"minecraft:stone_bricks":73,"minecraft:bow":11,"minecraft:written_book":2,"minecraft:sweet_berries":10,"minecraft:furnace":2,"quark:glowing_glass_item_frame":1,"minecraft:dark_oak_sapling":5,"minecraft:stone_pickaxe":4,"minecraft:crossbow":26,"minecraft:bread":24,"quark:iron_plate":1,"minecraft:gravel":1,"alexsmobs:cooked_moose_ribs":1,"create:chocolate_glazed_berries":2,"minecraft:experience_bottle":53,"minecraft:stone_shovel":15,"minecraft:cooked_chicken":1,"minecraft:dirt":8,"minecraft:spyglass":1,"minecraft:dark_oak_planks":9,"quest_giver:trading_contract_weaponsmith":11,"minecraft:iron_axe":13,"minecraft:barrel":1,"quark:cooked_crab_leg":1,"minecraft:cooked_beef":2,"minecraft:iron_leggings":1,"minecraft:cooked_mutton":3,"quark:abacus":4,"minecraft:crafting_table":1,"minecraft:spruce_log":1,"minecraft:apple":6,"minecraft:chicken":1,"minecraft:iron_pickaxe":109,"minecraft:stone_axe":71,"minecraft:enchanted_book":2,"quark:dark_oak_chest":4,"minecraft:potion":3,"minecraft:cooked_porkchop":5,"minecraft:porkchop":1,"epicfight:uchigatana":591,"quark:golden_frog_leg":3}},"DataVersion":2975}