{"stats":{"minecraft:dropped":{"minecraft:iron_sword":1,"minecraft:dark_oak_stairs":1,"minecraft:oak_log":5,"untamedwilds:material_fat":2,"minecraft:glass_bottle":2,"minecraft:diamond":2,"minecraft:dark_oak_sapling":1,"create:cut_tuff_bricks":1,"minecraft:lantern":14,"minecraft:red_wool":9,"minecraft:mossy_cobblestone_wall":4,"minecraft:emerald":64,"quark:blossom_wood":1,"minecraft:dark_oak_trapdoor":5,"minecraft:writable_book":1,"minecraft:iron_pickaxe":2,"minecraft:dark_oak_planks":13,"minecraft:bone":1,"minecraft:armor_stand":2,"goblinsanddungeons:scoria_brick_slab":5,"minecraft:stone_axe":3,"minecraft:iron_nugget":3,"minecraft:rotten_flesh":6,"solapplepie:lunchbag":1,"sophisticatedbackpacks:diamond_backpack":1,"minecraft:chainmail_chestplate":2,"quark:gravisand":1,"minecraft:gunpowder":1,"alexsmobs:bison_carpet":77,"minecraft:beetroot_seeds":3,"apotheosis:gem":2,"minecraft:chest":1,"minecraft:spruce_slab":3,"goblinsanddungeons:cracked_scoria_bricks":2,"minecraft:iron_bars":13,"minecraft:bread":6,"create:cut_tuff_brick_stairs":1,"minecraft:enchanted_book":4,"minecraft:golden_boots":1,"minecraft:stripped_spruce_log":2,"quest_giver:trading_contract_farmer":1,"minecraft:wheat_seeds":14,"minecraft:mossy_cobblestone":2,"minecraft:cobblestone":2,"minecraft:book":3,"minecraft:chainmail_helmet":1,"quark:glass_item_frame":1,"minecraft:stick":20,"minecraft:white_banner":4,"minecraft:chainmail_leggings":1,"minecraft:string":3,"minecraft:spruce_sapling":38,"minecraft:stone_brick_slab":1,"goblinsanddungeons:goblin_crown":1,"minecraft:polished_deepslate":1,"paraglider:essence":1,"alexsmobs:banana_peel":2,"hexerei:animal_fat":7,"minecraft:kelp":1,"minecraft:sweet_berries":2,"hexerei:sage_seed":6,"epicfight:uchigatana":3,"untamedwilds:flora_bush_temperate":2,"minecraft:stone_shovel":2,"minecraft:iron_boots":1,"sophisticatedbackpacks:backpack":1,"minecraft:spruce_fence":1,"goblinsanddungeons:scoria_bricks":22,"minecraft:flower_pot":1,"minecraft:spruce_trapdoor":1,"minecraft:spruce_planks":7,"minecraft:diamond_pickaxe":1,"minecraft:golden_leggings":1,"minecraft:oak_sapling":8,"minecraft:stone_bricks":4,"minecraft:stone_pickaxe":2,"minecraft:wooden_pickaxe":1,"minecraft:stripped_spruce_wood":2},"minecraft:killed_by":{"minecraft:evoker":1,"orcz:orcirongroupleader":3,"minecraft:ravager":1,"simple_mobs:losteyeproj":1,"minecraft:vindicator":2,"simple_mobs:gobber":3,"simple_mobs:corrupted_ogre":1,"minecraft:vex":8,"minecraft:player":2,"simple_mobs:lost_eye_ogre":2,"simple_mobs:gob":2,"bloodandmadness:silverbeast":2},"minecraft:picked_up":{"minecraft:flower_pot":1,"minecraft:anvil":2,"minecraft:smithing_table":2,"minecraft:stone_slab":1,"minecraft:lead":4,"alexsmobs:bison_fur_block":3,"minecraft:enchanted_book":12,"minecraft:brewing_stand":2,"minecraft:polished_deepslate":1,"minecraft:dark_oak_trapdoor":5,"minecraft:string":3,"quark:iron_plate":1,"minecraft:iron_leggings":2,"minecraft:armor_stand":5,"minecraft:beetroot":2,"alexsmobs:dropbear_claw":1,"minecraft:cobbled_deepslate":140,"minecraft:spruce_planks":17,"minecraft:written_book":1,"minecraft:calcite":20,"minecraft:iron_pickaxe":2,"alexsmobs:banana_peel":2,"minecraft:iron_boots":1,"minecraft:furnace":2,"minecraft:golden_helmet":1,"minecraft:stick":23,"create:raw_zinc_block":1,"apotheosis:gem":9,"minecraft:brown_terracotta":1,"minecraft:oak_fence":1,"minecraft:porkchop":1,"minecraft:deepslate_tile_stairs":1,"minecraft:golden_chestplate":1,"alexsmobs:roadrunner_boots":1,"savage_and_ravage:conch_of_conjuring":1,"minecraft:honey_bottle":1,"create:cut_tuff_bricks":3,"minecraft:rotten_flesh":10,"create:ochrum":21,"quark:bonded_rabbit_hide":1,"minecraft:iron_bars":4,"minecraft:cobblestone":165,"magistuarmory:rustedchainmail_boots":1,"minecraft:andesite":1,"minecraft:golden_leggings":1,"paraglider:spirit_orb":1,"minecraft:flint":9,"create:raw_zinc":21,"minecraft:tuff":15,"minecraft:stripped_spruce_wood":6,"minecraft:dirt":16,"minecraft:bone":6,"goblinsanddungeons:scoria_bricks":49,"goblinsanddungeons:scoria_brick_slab":5,"minecraft:wheat_seeds":14,"biomemakeover:illunite_shard":6,"minecraft:oak_planks":1,"hexerei:animal_fat":10,"paraglider:essence":1,"minecraft:stripped_spruce_log":6,"quark:gravisand":1,"alexsmobs:bison_carpet":77,"create:honeyed_apple":2,"minecraft:mossy_cobblestone":2,"bloodandmadness:bullets/quicksilver_bullet":2,"minecraft:light_gray_concrete":5,"supplementaries:bamboo_spikes":1,"minecraft:crossbow":1,"minecraft:chainmail_helmet":1,"minecraft:bread":6,"minecraft:emerald":35,"minecraft:oak_sapling":8,"minecraft:dark_oak_fence":1,"minecraft:diamond_pickaxe":2,"create:cut_tuff_brick_stairs":1,"minecraft:charcoal":2,"minecraft:crafting_table":1,"minecraft:wooden_pickaxe":1,"minecraft:gold_block":9,"quark:dark_oak_chest":1,"minecraft:red_bed":1,"minecraft:stone_stairs":1,"minecraft:iron_axe":1,"quark:bonded_leather":4,"bloodandmadness:blood_vial":2,"minecraft:mossy_cobblestone_wall":4,"minecraft:beef":32,"farmersdelight:straw":9,"minecraft:iron_nugget":8,"minecraft:chest":1,"plushies:sheep":1,"minecraft:spruce_trapdoor":1,"minecraft:egg":3,"minecraft:dark_oak_sapling":2,"minecraft:raw_iron":23,"untamedwilds:flora_bush_temperate":2,"minecraft:spruce_fence":1,"untamedwilds:hide_bear_brown":2,"create:cut_tuff":4,"minecraft:prismarine_crystals":1,"bloodandmadness:beastblood_clump":1,"goblinsanddungeons:goblin_crown":2,"minecraft:dark_oak_planks":13,"hexerei:sage_seed":6,"minecraft:arrow":98,"minecraft:stone_shovel":1,"minecraft:beetroot_seeds":3,"minecraft:hay_block":1,"minecraft:totem_of_undying":3,"minecraft:white_wool":2,"goblinsanddungeons:cracked_scoria_bricks":7,"minecraft:leather":27,"quark:blossom_wood":2,"majruszsdifficulty:cloth":1,"minecraft:oak_log":5,"minecraft:chainmail_chestplate":3,"minecraft:golden_boots":1,"quest_giver:trading_contract_farmer":1,"minecraft:apple":3,"minecraft:stone_bricks":6,"minecraft:kelp":1,"untamedwilds:material_fat":2,"minecraft:iron_ingot":1,"minecraft:stone_pickaxe":2,"quark:deepslate_tile_vertical_slab":3,"minecraft:glass_bottle":1,"goblinsanddungeons:scoria":14,"minecraft:iron_sword":1,"minecraft:dark_oak_stairs":1,"sophisticatedbackpacks:diamond_backpack":1,"minecraft:book":10,"minecraft:emerald_block":18,"minecraft:sweet_berries":2,"minecraft:pumpkin":2,"supplementaries:sack":8,"minecraft:stone_brick_slab":1,"minecraft:red_wool":9,"quark:glass_item_frame":1,"minecraft:raw_iron_block":11,"minecraft:dripstone_block":12,"orcz:bone_1deco":1,"epicfight:uchigatana":3,"minecraft:spruce_sapling":42,"minecraft:spruce_log":58,"minecraft:leather_helmet":2,"minecraft:purple_bed":3,"minecraft:stone_axe":1,"minecraft:chainmail_leggings":2,"minecraft:iron_helmet":2,"minecraft:coal":8},"minecraft:mined":{"minecraft:dark_oak_planks":5,"create:deepslate_zinc_ore":4,"quark:iron_plate":1,"minecraft:spruce_planks":16,"quark:orange_blossom_leaves":1,"minecraft:cobblestone_stairs":1,"minecraft:brewing_stand":2,"minecraft:spruce_trapdoor":1,"minecraft:grass_block":3,"goblinsanddungeons:cracked_scoria_bricks":7,"minecraft:deepslate_tile_stairs":1,"minecraft:spawner":7,"goblinsanddungeons:urn":16,"minecraft:raw_iron_block":11,"minecraft:dark_oak_trapdoor":5,"minecraft:iron_ore":7,"minecraft:anvil":2,"immersive_weathering:charred_planks":1,"minecraft:dark_oak_stairs":1,"minecraft:dirt_path":1,"minecraft:iron_bars":4,"minecraft:light_gray_concrete":5,"alexsmobs:bison_carpet":44,"minecraft:red_bed":1,"minecraft:blackstone":8,"supplementaries:book_pile":4,"immersive_weathering:spruce_leaf_pile":1,"minecraft:calcite":30,"minecraft:mossy_cobblestone_wall":2,"minecraft:chest":1,"minecraft:oak_planks":1,"minecraft:iron_door":2,"quark:black_framed_glass_pane":2,"minecraft:stone_stairs":1,"minecraft:wheat":1,"quark:gravisand":1,"minecraft:grass":44,"quark:deepslate_tile_vertical_slab":3,"minecraft:oak_log":3,"minecraft:dirt":9,"create:raw_zinc_block":1,"create:zinc_ore":5,"minecraft:deepslate":142,"minecraft:oak_leaves":5,"minecraft:emerald_block":11,"create:cut_tuff":4,"minecraft:tuff":20,"minecraft:mossy_cobblestone":2,"minecraft:dark_oak_fence":1,"minecraft:spruce_fence":1,"create:ochrum":21,"minecraft:spruce_leaves":13,"create:cut_tuff_brick_stairs":1,"goblinsanddungeons:scoria_bricks":47,"orcz:bone_1deco":1,"minecraft:large_fern":8,"minecraft:hay_block":2,"quark:bonded_leather":4,"minecraft:furnace":2,"goblinsanddungeons:polished_scoria":1,"supplementaries:bamboo_spikes":1,"minecraft:andesite":1,"minecraft:stripped_spruce_log":4,"treechop:chopped_log":8,"minecraft:gold_block":9,"minecraft:polished_deepslate":1,"minecraft:bookshelf":2,"minecraft:deepslate_iron_ore":6,"minecraft:stone":164,"minecraft:smithing_table":2,"supplementaries:book_pile_horizontal":2,"minecraft:red_wool":3,"quark:dark_oak_chest":1,"minecraft:stone_brick_slab":1,"minecraft:oak_fence":1,"goblinsanddungeons:scoria":16,"minecraft:crafting_table":2,"untamedwilds:flora_bush_temperate":2,"goblinsanddungeons:scoria_brick_slab":3,"minecraft:emerald_ore":6,"minecraft:stone_slab":1,"minecraft:campfire":1,"supplementaries:sack":8,"plushies:sheep":1,"minecraft:tall_grass":7,"create:cut_tuff_bricks":3,"supplementaries:urn":1,"minecraft:purple_bed":3,"quark:blossom_wood":1,"minecraft:stripped_spruce_wood":8,"quark:bonded_rabbit_hide":1,"minecraft:sweet_berry_bush":3,"minecraft:ice":1,"minecraft:spruce_log":8,"minecraft:coal_ore":8,"minecraft:dripstone_block":12,"alexsmobs:bison_fur_block":4,"minecraft:flower_pot":1,"minecraft:gravel":11,"minecraft:brown_terracotta":1,"minecraft:stone_bricks":4,"minecraft:deepslate_emerald_ore":14,"minecraft:fern":15},"minecraft:broken":{"minecraft:iron_boots":1,"minecraft:iron_chestplate":1,"goblinsanddungeons:goblin_crown":1,"minecraft:chainmail_chestplate":1,"minecraft:leather_helmet":3,"minecraft:leather_chestplate":1,"minecraft:iron_helmet":1},"minecraft:killed":{"simple_mobs:hobgob":4,"hunterillager:hunterillager":2,"goblinsanddungeons:garch":18,"bloodandmadness:silverbeast":1,"simple_mobs:gobber":10,"untamedwilds:boar":1,"minecraft:sheep":2,"minecraft:trader_llama":2,"minecraft:pillager":31,"minecraft:zombie":1,"minecraft:cow":15,"alexsmobs:dropbear":2,"minecraft:evoker":3,"minecraft:vex":4,"undead_revamp2:thehunter":1,"minecraft:vindicator":9,"minecraft:zoglin":2,"goblinsanddungeons:goblin_king":1,"bloodandmadness:brainsucker":1,"bloodandmadness:church_doctor_scythe":1,"simple_mobs:goom":4,"minecraft:wandering_trader":1,"bloodandmadness:church_doctor_pistol":1,"simple_mobs:weak_ogre":1,"simple_mobs:gob":24,"simple_mobs:goblo":4},"minecraft:crafted":{"solapplepie:lunchbag":1,"solapplepie:golden_lunchbox":1,"minecraft:chest":1,"minecraft:spruce_planks":28,"minecraft:string":4,"minecraft:diamond_pickaxe":1,"minecraft:stick":8,"solapplepie:lunchbox":1,"alexsmobs:bison_fur":9,"minecraft:leather":9,"minecraft:spruce_slab":6,"quark:spruce_chest":4,"minecraft:dark_oak_planks":12,"minecraft:wheat":9,"minecraft:cooked_beef":25,"minecraft:air":391,"minecraft:brown_wool":1,"irons_spellbooks:inscription_table":1},"minecraft:custom":{"lootr:looted_stat":40,"minecraft:interact_with_crafting_table":42,"minecraft:open_barrel":102,"minecraft:bell_ring":1,"minecraft:leave_game":5,"minecraft:time_since_death":2527,"champions:champion_mobs_killed":121,"minecraft:sprint_one_cm":1015297,"minecraft:drop":154,"minecraft:talked_to_villager":12,"minecraft:play_time":447961,"minecraft:deaths":30,"minecraft:jump":6479,"minecraft:interact_with_brewingstand":2,"minecraft:walk_on_water_one_cm":29668,"minecraft:interact_with_furnace":31,"minecraft:traded_with_villager":1,"minecraft:sleep_in_bed":21,"minecraft:waystone_activated":1,"minecraft:damage_dealt":27623,"minecraft:player_kills":7,"minecraft:crouch_one_cm":48014,"minecraft:horse_one_cm":15592,"minecraft:mob_kills":153,"minecraft:damage_dealt_resisted":380,"minecraft:climb_one_cm":11811,"minecraft:walk_one_cm":2774268,"minecraft:damage_dealt_absorbed":2337,"minecraft:sneak_time":12224,"minecraft:walk_under_water_one_cm":6360,"minecraft:total_world_time":447961,"minecraft:interact_with_grindstone":1,"minecraft:time_since_rest":2559,"minecraft:damage_taken":14213,"minecraft:damage_absorbed":460,"minecraft:trigger_trapped_chest":4,"minecraft:swim_one_cm":8233,"minecraft:fly_one_cm":2261049,"minecraft:open_chest":236,"minecraft:fall_one_cm":134116},"minecraft:used":{"irons_spellbooks:inscription_table":1,"minecraft:beetroot":1,"minecraft:writable_book":1,"minecraft:chest":1,"minecraft:iron_chestplate":2,"minecraft:carrot":53,"minecraft:obsidian":3,"minecraft:iron_helmet":1,"quest_giver:trading_contract_farmer":5,"supplementaries:bomb_blue":1,"goblinsanddungeons:goblin_crown":1,"minecraft:bow":158,"minecraft:written_book":1,"minecraft:sweet_berries":2,"minecraft:furnace":6,"plushies:sheep":2,"minecraft:potato":12,"minecraft:stripped_spruce_wood":1,"epicfight:skillbook":2,"minecraft:oak_planks":1,"minecraft:stone_pickaxe":58,"minecraft:wooden_pickaxe":23,"cloudstorage:guide_book":1,"minecraft:cookie":1,"minecraft:golden_apple":1,"minecraft:glow_berries":3,"minecraft:crossbow":9,"goblinsanddungeons:cracked_scoria_bricks":5,"minecraft:light_gray_concrete":2,"minecraft:bread":30,"quark:iron_plate":1,"create:honeyed_apple":2,"minecraft:nether_wart_block":3,"supplementaries:bamboo_spikes":1,"minecraft:oak_fence":1,"minecraft:experience_bottle":2,"minecraft:trident":2,"minecraft:armor_stand":3,"minecraft:spruce_planks":55,"minecraft:cooked_salmon":3,"minecraft:cooked_chicken":1,"minecraft:torch":11,"minecraft:dirt":9,"goblinsanddungeons:scoria_bricks":23,"minecraft:dark_oak_planks":36,"quest_giver:trading_contract_weaponsmith":16,"quark:spruce_chest":8,"create:builders_tea":1,"untamedwilds:food_bear_cooked":2,"minecraft:iron_axe":101,"minecraft:golden_carrot":18,"alexsmobs:banana":11,"minecraft:cooked_beef":20,"minecraft:powder_snow_bucket":1,"sophisticatedbackpacks:gold_backpack":3,"minecraft:calcite":20,"farmersdelight:iron_knife":61,"minecraft:water_bucket":10,"supplementaries:sack":8,"minecraft:crafting_table":6,"minecraft:red_bed":1,"minecraft:spruce_log":6,"minecraft:book":1,"minecraft:diamond_pickaxe":461,"minecraft:apple":13,"minecraft:iron_pickaxe":113,"minecraft:stone_axe":35,"orcz:bone_1deco":2,"quark:dark_oak_chest":3,"minecraft:cobblestone":13,"minecraft:purple_bed":3,"minecraft:bucket":11,"minecraft:pumpkin_pie":2,"epicfight:uchigatana":679}},"DataVersion":2975}