{"stats":{"minecraft:used":{"minecraft:bread":2,"epicfight:uchigatana":13},"minecraft:killed":{"dannys_expansion:mundane_slime":2,"minecraft:pig":4},"minecraft:custom":{"minecraft:time_since_rest":3909,"minecraft:crouch_one_cm":182,"minecraft:play_time":3909,"champions:champion_mobs_killed":2,"minecraft:sprint_one_cm":5542,"minecraft:damage_taken":204,"minecraft:walk_one_cm":32688,"minecraft:sneak_time":12,"minecraft:mob_kills":6,"minecraft:drop":1,"minecraft:jump":97,"minecraft:damage_dealt":606,"minecraft:leave_game":1,"minecraft:time_since_death":3909,"minecraft:walk_on_water_one_cm":422,"minecraft:total_world_time":3909,"minecraft:fall_one_cm":1788,"minecraft:fly_one_cm":27979},"minecraft:dropped":{"minecraft:wheat_seeds":1},"minecraft:picked_up":{"hexerei:animal_fat":3,"dannys_expansion:gel":1,"minecraft:wheat_seeds":1,"minecraft:porkchop":5,"paraglider:spirit_orb":1},"minecraft:mined":{"minecraft:grass":1}},"DataVersion":2975}