{"stats":{"minecraft:mined":{"minecraft:grass":2,"minecraft:grass_block":1},"minecraft:custom":{"minecraft:jump":36,"minecraft:time_since_rest":3126,"minecraft:damage_dealt":502,"minecraft:leave_game":1,"minecraft:sprint_one_cm":1905,"minecraft:play_time":3126,"minecraft:damage_taken":95,"minecraft:time_since_death":3126,"minecraft:walk_one_cm":5403,"minecraft:sneak_time":33,"minecraft:total_world_time":3126,"minecraft:mob_kills":2,"minecraft:fall_one_cm":1522,"minecraft:fly_one_cm":49039},"minecraft:killed":{"minecraft:zoglin":1,"minecraft:zombie":1},"minecraft:used":{"minecraft:diamond_sword":8,"minecraft:zombie_spawn_egg":1,"minecraft:zoglin_spawn_egg":1},"minecraft:picked_up":{"minecraft:beef":3,"minecraft:leather":1,"minecraft:dirt":1}},"DataVersion":2975}