{"stats":{"minecraft:killed_by":{"minecraft:evoker":1,"orcz:orcirongroupleader":3,"minecraft:ravager":1,"minecraft:vindicator":2,"simple_mobs:gobber":3,"minecraft:vex":8,"minecraft:player":2,"simple_mobs:gob":2,"bloodandmadness:silverbeast":2},"minecraft:mined":{"minecraft:dark_oak_planks":5,"quark:iron_plate":1,"minecraft:spruce_planks":16,"quark:orange_blossom_leaves":1,"minecraft:cobblestone_stairs":1,"minecraft:brewing_stand":2,"minecraft:spruce_trapdoor":1,"goblinsanddungeons:cracked_scoria_bricks":7,"minecraft:deepslate_tile_stairs":1,"minecraft:spawner":7,"goblinsanddungeons:urn":14,"minecraft:raw_iron_block":11,"minecraft:dark_oak_trapdoor":5,"minecraft:iron_ore":2,"minecraft:anvil":2,"immersive_weathering:charred_planks":1,"minecraft:dark_oak_stairs":1,"minecraft:dirt_path":1,"minecraft:iron_bars":4,"minecraft:light_gray_concrete":5,"alexsmobs:bison_carpet":44,"minecraft:red_bed":1,"minecraft:blackstone":2,"supplementaries:book_pile":4,"minecraft:calcite":7,"minecraft:mossy_cobblestone_wall":2,"minecraft:chest":1,"minecraft:iron_door":2,"quark:black_framed_glass_pane":2,"minecraft:stone_stairs":1,"quark:gravisand":1,"minecraft:grass":3,"quark:deepslate_tile_vertical_slab":3,"minecraft:oak_log":3,"create:raw_zinc_block":1,"minecraft:oak_leaves":5,"minecraft:emerald_block":11,"create:cut_tuff":4,"minecraft:tuff":8,"minecraft:mossy_cobblestone":2,"minecraft:dark_oak_fence":1,"minecraft:spruce_leaves":10,"create:cut_tuff_brick_stairs":1,"goblinsanddungeons:scoria_bricks":47,"orcz:bone_1deco":1,"minecraft:hay_block":2,"quark:bonded_leather":4,"minecraft:furnace":2,"goblinsanddungeons:polished_scoria":1,"supplementaries:bamboo_spikes":1,"minecraft:andesite":1,"minecraft:stripped_spruce_log":4,"treechop:chopped_log":6,"minecraft:gold_block":9,"minecraft:polished_deepslate":1,"minecraft:bookshelf":2,"minecraft:deepslate_iron_ore":5,"minecraft:stone":48,"minecraft:smithing_table":2,"supplementaries:book_pile_horizontal":2,"minecraft:red_wool":3,"quark:dark_oak_chest":1,"minecraft:stone_brick_slab":1,"goblinsanddungeons:scoria":2,"minecraft:crafting_table":2,"untamedwilds:flora_bush_temperate":1,"goblinsanddungeons:scoria_brick_slab":3,"minecraft:emerald_ore":6,"minecraft:campfire":1,"minecraft:stone_slab":1,"supplementaries:sack":8,"minecraft:tall_grass":2,"plushies:sheep":1,"create:cut_tuff_bricks":3,"supplementaries:urn":1,"minecraft:purple_bed":1,"quark:blossom_wood":1,"minecraft:stripped_spruce_wood":8,"quark:bonded_rabbit_hide":1,"minecraft:ice":1,"minecraft:sweet_berry_bush":2,"minecraft:spruce_log":4,"minecraft:coal_ore":8,"alexsmobs:bison_fur_block":4,"minecraft:flower_pot":1,"minecraft:gravel":4,"minecraft:brown_terracotta":1,"minecraft:stone_bricks":4,"minecraft:deepslate_emerald_ore":14},"minecraft:used":{"irons_spellbooks:inscription_table":1,"minecraft:writable_book":1,"minecraft:chest":1,"minecraft:iron_chestplate":1,"minecraft:carrot":51,"minecraft:obsidian":3,"minecraft:iron_helmet":1,"supplementaries:bomb_blue":1,"minecraft:bow":76,"minecraft:written_book":1,"minecraft:sweet_berries":2,"minecraft:furnace":4,"plushies:sheep":2,"minecraft:potato":12,"minecraft:stripped_spruce_wood":1,"epicfight:skillbook":2,"minecraft:stone_pickaxe":58,"minecraft:wooden_pickaxe":23,"cloudstorage:guide_book":1,"minecraft:cookie":1,"minecraft:golden_apple":1,"minecraft:glow_berries":3,"minecraft:crossbow":9,"goblinsanddungeons:cracked_scoria_bricks":5,"minecraft:light_gray_concrete":2,"minecraft:bread":28,"quark:iron_plate":1,"create:honeyed_apple":2,"minecraft:nether_wart_block":3,"supplementaries:bamboo_spikes":1,"minecraft:experience_bottle":2,"minecraft:armor_stand":3,"minecraft:spruce_planks":55,"minecraft:cooked_chicken":1,"minecraft:torch":11,"minecraft:dirt":5,"goblinsanddungeons:scoria_bricks":22,"minecraft:dark_oak_planks":36,"quark:spruce_chest":4,"create:builders_tea":1,"untamedwilds:food_bear_cooked":2,"minecraft:iron_axe":81,"minecraft:golden_carrot":18,"alexsmobs:banana":11,"minecraft:cooked_beef":13,"sophisticatedbackpacks:gold_backpack":3,"supplementaries:sack":8,"minecraft:crafting_table":5,"minecraft:red_bed":1,"minecraft:book":1,"minecraft:spruce_log":6,"minecraft:diamond_pickaxe":83,"minecraft:apple":11,"minecraft:iron_pickaxe":113,"minecraft:stone_axe":35,"orcz:bone_1deco":2,"quark:dark_oak_chest":3,"minecraft:cobblestone":13,"minecraft:purple_bed":1,"minecraft:pumpkin_pie":2,"epicfight:uchigatana":641},"minecraft:killed":{"simple_mobs:hobgob":3,"goblinsanddungeons:garch":17,"bloodandmadness:silverbeast":1,"simple_mobs:gobber":10,"minecraft:sheep":2,"minecraft:trader_llama":2,"minecraft:pillager":31,"minecraft:zombie":1,"minecraft:cow":15,"alexsmobs:dropbear":2,"minecraft:evoker":3,"minecraft:vex":4,"undead_revamp2:thehunter":1,"minecraft:vindicator":8,"minecraft:zoglin":2,"goblinsanddungeons:goblin_king":1,"bloodandmadness:church_doctor_scythe":1,"simple_mobs:goom":4,"minecraft:wandering_trader":1,"bloodandmadness:church_doctor_pistol":1,"simple_mobs:weak_ogre":1,"simple_mobs:gob":20,"simple_mobs:goblo":3},"minecraft:broken":{"minecraft:iron_boots":1,"minecraft:chainmail_chestplate":1,"minecraft:leather_helmet":3,"minecraft:leather_chestplate":1,"minecraft:iron_helmet":1},"minecraft:dropped":{"minecraft:iron_sword":1,"minecraft:dark_oak_stairs":1,"minecraft:oak_log":5,"untamedwilds:material_fat":2,"minecraft:glass_bottle":2,"minecraft:diamond":2,"minecraft:dark_oak_sapling":1,"create:cut_tuff_bricks":1,"minecraft:lantern":14,"minecraft:red_wool":9,"minecraft:mossy_cobblestone_wall":4,"minecraft:emerald":64,"minecraft:dark_oak_trapdoor":5,"minecraft:writable_book":1,"minecraft:iron_pickaxe":2,"minecraft:dark_oak_planks":10,"minecraft:bone":1,"minecraft:armor_stand":2,"goblinsanddungeons:scoria_brick_slab":5,"minecraft:stone_axe":3,"minecraft:iron_nugget":3,"minecraft:rotten_flesh":6,"sophisticatedbackpacks:diamond_backpack":1,"minecraft:chainmail_chestplate":2,"quark:gravisand":1,"minecraft:gunpowder":1,"alexsmobs:bison_carpet":77,"minecraft:beetroot_seeds":3,"apotheosis:gem":2,"minecraft:chest":1,"minecraft:spruce_slab":3,"goblinsanddungeons:cracked_scoria_bricks":2,"minecraft:iron_bars":13,"minecraft:bread":6,"minecraft:enchanted_book":4,"create:cut_tuff_brick_stairs":1,"minecraft:golden_boots":1,"minecraft:stripped_spruce_log":2,"minecraft:wheat_seeds":4,"minecraft:mossy_cobblestone":2,"minecraft:cobblestone":2,"minecraft:book":3,"minecraft:chainmail_helmet":1,"quark:glass_item_frame":1,"minecraft:stick":11,"minecraft:white_banner":4,"minecraft:chainmail_leggings":1,"minecraft:string":2,"minecraft:spruce_sapling":36,"minecraft:stone_brick_slab":1,"minecraft:polished_deepslate":1,"paraglider:essence":1,"alexsmobs:banana_peel":2,"hexerei:animal_fat":7,"minecraft:kelp":1,"hexerei:sage_seed":4,"epicfight:uchigatana":3,"minecraft:stone_shovel":2,"minecraft:iron_boots":1,"sophisticatedbackpacks:backpack":1,"minecraft:spruce_fence":1,"goblinsanddungeons:scoria_bricks":13,"minecraft:flower_pot":1,"minecraft:spruce_trapdoor":1,"minecraft:spruce_planks":7,"minecraft:diamond_pickaxe":1,"minecraft:golden_leggings":1,"minecraft:oak_sapling":8,"minecraft:stone_bricks":4,"minecraft:stone_pickaxe":2,"minecraft:wooden_pickaxe":1,"minecraft:stripped_spruce_wood":2},"minecraft:crafted":{"minecraft:chest":1,"minecraft:spruce_planks":28,"minecraft:string":4,"minecraft:diamond_pickaxe":1,"minecraft:stick":8,"alexsmobs:bison_fur":9,"minecraft:leather":9,"minecraft:spruce_slab":6,"quark:spruce_chest":2,"minecraft:dark_oak_planks":12,"minecraft:cooked_beef":13,"minecraft:air":328,"minecraft:brown_wool":1,"irons_spellbooks:inscription_table":1},"minecraft:custom":{"lootr:looted_stat":29,"minecraft:interact_with_crafting_table":30,"minecraft:open_barrel":102,"minecraft:bell_ring":1,"minecraft:leave_game":4,"minecraft:time_since_death":12599,"champions:champion_mobs_killed":111,"minecraft:sprint_one_cm":857241,"minecraft:drop":137,"minecraft:talked_to_villager":12,"minecraft:play_time":357025,"minecraft:deaths":26,"minecraft:jump":5126,"minecraft:interact_with_brewingstand":2,"minecraft:walk_on_water_one_cm":3504,"minecraft:interact_with_furnace":20,"minecraft:traded_with_villager":1,"minecraft:sleep_in_bed":15,"minecraft:waystone_activated":1,"minecraft:damage_dealt":25652,"minecraft:player_kills":6,"minecraft:crouch_one_cm":45509,"minecraft:horse_one_cm":15592,"minecraft:mob_kills":141,"minecraft:climb_one_cm":8345,"minecraft:walk_one_cm":2433451,"minecraft:damage_dealt_absorbed":1995,"minecraft:sneak_time":11071,"minecraft:walk_under_water_one_cm":2006,"minecraft:total_world_time":357025,"minecraft:time_since_rest":12645,"minecraft:damage_taken":12838,"minecraft:damage_absorbed":443,"minecraft:trigger_trapped_chest":4,"minecraft:swim_one_cm":1677,"minecraft:fly_one_cm":1553341,"minecraft:open_chest":215,"minecraft:fall_one_cm":100707},"minecraft:picked_up":{"minecraft:flower_pot":1,"minecraft:anvil":2,"minecraft:smithing_table":2,"minecraft:stone_slab":1,"minecraft:lead":4,"alexsmobs:bison_fur_block":3,"minecraft:enchanted_book":12,"minecraft:brewing_stand":2,"minecraft:polished_deepslate":1,"minecraft:string":2,"minecraft:dark_oak_trapdoor":5,"quark:iron_plate":1,"minecraft:iron_leggings":2,"minecraft:armor_stand":5,"minecraft:beetroot":2,"alexsmobs:dropbear_claw":1,"minecraft:spruce_planks":17,"minecraft:written_book":1,"minecraft:iron_pickaxe":2,"minecraft:iron_boots":1,"alexsmobs:banana_peel":2,"minecraft:furnace":2,"minecraft:golden_helmet":1,"minecraft:stick":17,"create:raw_zinc_block":1,"apotheosis:gem":9,"minecraft:brown_terracotta":1,"minecraft:deepslate_tile_stairs":1,"minecraft:golden_chestplate":1,"alexsmobs:roadrunner_boots":1,"savage_and_ravage:conch_of_conjuring":1,"minecraft:rotten_flesh":10,"create:cut_tuff_bricks":3,"quark:bonded_rabbit_hide":1,"minecraft:iron_bars":4,"minecraft:cobblestone":49,"magistuarmory:rustedchainmail_boots":1,"minecraft:andesite":1,"minecraft:golden_leggings":1,"paraglider:spirit_orb":1,"minecraft:flint":2,"minecraft:tuff":3,"minecraft:stripped_spruce_wood":6,"minecraft:dirt":6,"minecraft:bone":6,"goblinsanddungeons:scoria_bricks":49,"goblinsanddungeons:scoria_brick_slab":5,"minecraft:wheat_seeds":4,"biomemakeover:illunite_shard":6,"hexerei:animal_fat":10,"paraglider:essence":1,"minecraft:stripped_spruce_log":6,"quark:gravisand":1,"create:honeyed_apple":2,"alexsmobs:bison_carpet":77,"minecraft:mossy_cobblestone":2,"bloodandmadness:bullets/quicksilver_bullet":2,"minecraft:light_gray_concrete":5,"supplementaries:bamboo_spikes":1,"minecraft:crossbow":1,"minecraft:chainmail_helmet":1,"minecraft:bread":5,"minecraft:emerald":34,"minecraft:oak_sapling":8,"minecraft:dark_oak_fence":1,"minecraft:diamond_pickaxe":2,"create:cut_tuff_brick_stairs":1,"minecraft:charcoal":2,"minecraft:crafting_table":1,"minecraft:wooden_pickaxe":1,"minecraft:gold_block":9,"quark:dark_oak_chest":1,"minecraft:red_bed":1,"minecraft:stone_stairs":1,"minecraft:iron_axe":1,"quark:bonded_leather":4,"bloodandmadness:blood_vial":2,"minecraft:mossy_cobblestone_wall":4,"minecraft:beef":29,"minecraft:iron_nugget":8,"plushies:sheep":1,"minecraft:chest":1,"minecraft:spruce_trapdoor":1,"minecraft:egg":3,"minecraft:dark_oak_sapling":2,"minecraft:raw_iron":7,"untamedwilds:flora_bush_temperate":1,"untamedwilds:hide_bear_brown":2,"create:cut_tuff":4,"minecraft:prismarine_crystals":1,"bloodandmadness:beastblood_clump":1,"goblinsanddungeons:goblin_crown":1,"minecraft:dark_oak_planks":10,"hexerei:sage_seed":4,"minecraft:arrow":80,"minecraft:stone_shovel":1,"minecraft:beetroot_seeds":3,"minecraft:hay_block":1,"minecraft:totem_of_undying":3,"minecraft:white_wool":2,"goblinsanddungeons:cracked_scoria_bricks":7,"minecraft:leather":27,"quark:blossom_wood":1,"majruszsdifficulty:cloth":1,"minecraft:oak_log":5,"minecraft:chainmail_chestplate":3,"minecraft:golden_boots":1,"untamedwilds:material_fat":2,"minecraft:apple":3,"minecraft:stone_bricks":6,"minecraft:kelp":1,"minecraft:iron_ingot":1,"minecraft:stone_pickaxe":2,"quark:deepslate_tile_vertical_slab":3,"minecraft:glass_bottle":1,"minecraft:iron_sword":1,"minecraft:dark_oak_stairs":1,"sophisticatedbackpacks:diamond_backpack":1,"minecraft:book":10,"minecraft:emerald_block":18,"minecraft:pumpkin":2,"supplementaries:sack":8,"minecraft:stone_brick_slab":1,"minecraft:red_wool":9,"quark:glass_item_frame":1,"minecraft:raw_iron_block":11,"orcz:bone_1deco":1,"epicfight:uchigatana":3,"minecraft:spruce_sapling":36,"minecraft:spruce_log":45,"minecraft:leather_helmet":2,"minecraft:purple_bed":1,"minecraft:stone_axe":1,"minecraft:chainmail_leggings":2,"minecraft:iron_helmet":2,"minecraft:coal":8}},"DataVersion":2975}