{"stats":{"minecraft:dropped":{"minecraft:iron_sword":2,"minecraft:dark_oak_stairs":1,"minecraft:oak_log":5,"untamedwilds:material_fat":2,"minecraft:glass_bottle":2,"minecraft:diamond":2,"minecraft:dark_oak_sapling":1,"create:cut_tuff_bricks":1,"minecraft:lantern":14,"minecraft:red_wool":9,"minecraft:mossy_cobblestone_wall":4,"minecraft:leather_helmet":2,"farmersdelight:rice":1,"minecraft:flint":8,"minecraft:emerald":64,"minecraft:dirt":12,"quark:blossom_wood":1,"minecraft:stone_button":13,"minecraft:dark_oak_trapdoor":5,"minecraft:stripped_dark_oak_wood":8,"minecraft:writable_book":1,"minecraft:iron_pickaxe":2,"minecraft:dark_oak_planks":13,"minecraft:bone":1,"minecraft:armor_stand":6,"goblinsanddungeons:scoria_brick_slab":5,"minecraft:gravel":1,"minecraft:crimson_fungus":1,"minecraft:stone_axe":3,"minecraft:iron_nugget":3,"minecraft:stripped_dark_oak_log":3,"minecraft:black_terracotta":1,"minecraft:rotten_flesh":9,"alexsmobs:bison_fur_block":4,"quark:spruce_leaf_carpet":8,"solapplepie:lunchbag":1,"sophisticatedbackpacks:diamond_backpack":1,"minecraft:chainmail_chestplate":4,"minecraft:leather_chestplate":2,"quark:gravisand":1,"minecraft:gunpowder":1,"alexsmobs:bison_carpet":87,"minecraft:beetroot_seeds":3,"minecraft:leather_boots":2,"minecraft:ladder":3,"apotheosis:gem":2,"minecraft:chainmail_boots":1,"minecraft:chest":1,"minecraft:leather_leggings":1,"minecraft:spruce_slab":20,"goblinsanddungeons:cracked_scoria_bricks":2,"minecraft:iron_bars":16,"minecraft:bread":6,"create:cut_tuff_brick_stairs":1,"minecraft:enchanted_book":4,"minecraft:golden_boots":1,"minecraft:oak_slab":1,"minecraft:stripped_spruce_log":2,"quest_giver:trading_contract_farmer":1,"minecraft:wheat_seeds":14,"minecraft:mossy_cobblestone":3,"minecraft:yellow_terracotta":1,"minecraft:cobblestone":2,"minecraft:book":3,"minecraft:chainmail_helmet":1,"quark:glass_item_frame":1,"minecraft:stick":20,"minecraft:brown_wool":4,"minecraft:pumpkin":1,"minecraft:white_banner":5,"minecraft:iron_axe":1,"minecraft:chainmail_leggings":1,"minecraft:string":3,"minecraft:blue_carpet":6,"minecraft:spruce_sapling":39,"minecraft:stone_brick_slab":1,"goblinsanddungeons:goblin_crown":1,"minecraft:polished_deepslate":1,"paraglider:essence":1,"alexsmobs:banana_peel":2,"hexerei:animal_fat":7,"minecraft:kelp":1,"minecraft:sweet_berries":2,"hexerei:sage_seed":6,"create:ochrum":21,"minecraft:green_terracotta":1,"epicfight:uchigatana":3,"minecraft:dark_oak_sign":1,"untamedwilds:flora_bush_temperate":2,"minecraft:tuff":12,"minecraft:stone_shovel":2,"minecraft:chicken":1,"minecraft:iron_boots":1,"sophisticatedbackpacks:backpack":1,"minecraft:stone_slab":1,"minecraft:spruce_fence":1,"goblinsanddungeons:scoria_bricks":22,"minecraft:red_terracotta":1,"minecraft:potato":6,"minecraft:gray_terracotta":1,"minecraft:flower_pot":5,"minecraft:orange_terracotta":2,"minecraft:spruce_trapdoor":1,"minecraft:spruce_planks":7,"minecraft:diamond_pickaxe":1,"minecraft:golden_leggings":1,"minecraft:oak_sapling":8,"minecraft:redstone_torch":1,"minecraft:barrel":2,"minecraft:stone_bricks":4,"minecraft:stone_pickaxe":2,"minecraft:wooden_pickaxe":1,"minecraft:light_blue_terracotta":1,"minecraft:stripped_spruce_wood":8,"minecraft:magenta_terracotta":1,"minecraft:nether_brick_stairs":1},"minecraft:killed_by":{"minecraft:evoker":1,"orcz:orcirongroupleader":3,"simple_mobs:bright_elemental":1,"minecraft:ravager":1,"simple_mobs:losteyeproj":1,"minecraft:vindicator":6,"simple_mobs:gobber":3,"majruszsdifficulty:cursed_armor":3,"minecraft:vex":8,"simple_mobs:corrupted_ogre":1,"minecraft:player":2,"simple_mobs:lost_eye_ogre":2,"bloodandmadness:brainsucker":3,"minecraft:guardian":1,"simple_mobs:gob":2,"alexsmobs:moose":1,"bloodandmadness:silverbeast":2},"minecraft:picked_up":{"minecraft:chainmail_boots":2,"minecraft:flower_pot":5,"minecraft:anvil":2,"minecraft:smithing_table":2,"minecraft:stone_slab":2,"minecraft:lead":4,"minecraft:oak_stairs":1,"alexsmobs:bison_fur_block":7,"minecraft:enchanted_book":14,"minecraft:brewing_stand":2,"minecraft:polished_deepslate":1,"minecraft:string":3,"minecraft:dark_oak_trapdoor":5,"quark:iron_plate":1,"minecraft:iron_leggings":2,"minecraft:armor_stand":9,"minecraft:beetroot":2,"alexsmobs:dropbear_claw":1,"minecraft:cobbled_deepslate":140,"minecraft:spruce_planks":17,"minecraft:redstone_torch":1,"minecraft:written_book":1,"minecraft:calcite":20,"minecraft:iron_pickaxe":2,"alexsmobs:banana_peel":2,"minecraft:iron_boots":1,"minecraft:furnace":2,"minecraft:golden_helmet":1,"minecraft:stick":23,"create:raw_zinc_block":1,"apotheosis:gem":9,"minecraft:brown_terracotta":1,"minecraft:oak_fence":1,"minecraft:spruce_stairs":2,"quark:blossom_log":36,"minecraft:porkchop":1,"minecraft:green_terracotta":1,"minecraft:deepslate_tile_stairs":1,"minecraft:golden_chestplate":1,"alexsmobs:roadrunner_boots":1,"savage_and_ravage:conch_of_conjuring":1,"create:cut_tuff_bricks":3,"minecraft:honey_bottle":1,"minecraft:rotten_flesh":15,"create:ochrum":21,"quark:bonded_rabbit_hide":1,"bloodandmadness:siderite_nugget":1,"bloodandmadness:blood_stone_shard":2,"minecraft:iron_bars":8,"alexsmobs:flying_fish":1,"minecraft:cobblestone":172,"minecraft:leather_chestplate":3,"minecraft:feather":8,"magistuarmory:rustedchainmail_boots":1,"minecraft:andesite":1,"minecraft:brown_wool":6,"minecraft:golden_leggings":1,"paraglider:spirit_orb":3,"minecraft:flint":13,"create:raw_zinc":21,"minecraft:tuff":15,"minecraft:stripped_spruce_wood":12,"minecraft:magenta_terracotta":1,"minecraft:dirt":32,"minecraft:leather_boots":2,"minecraft:bone":8,"goblinsanddungeons:scoria_bricks":49,"minecraft:gray_terracotta":1,"goblinsanddungeons:scoria_brick_slab":5,"minecraft:wheat_seeds":14,"blue_skies:camellia":1,"biomemakeover:illunite_shard":6,"minecraft:dark_oak_sign":1,"minecraft:oak_planks":21,"hexerei:animal_fat":10,"minecraft:black_terracotta":1,"endrem:lost_eye":1,"paraglider:essence":3,"minecraft:stripped_spruce_log":6,"minecraft:nether_brick_stairs":1,"minecraft:red_terracotta":1,"minecraft:barrel":2,"quark:gravisand":1,"alexsmobs:bison_carpet":87,"create:honeyed_apple":2,"minecraft:mossy_cobblestone":9,"bloodandmadness:bullets/quicksilver_bullet":2,"minecraft:light_gray_concrete":5,"minecraft:light_blue_terracotta":1,"supplementaries:bamboo_spikes":1,"minecraft:spruce_boat":1,"minecraft:crossbow":2,"minecraft:light_gray_carpet":2,"minecraft:chainmail_helmet":1,"minecraft:bread":6,"minecraft:emerald":36,"minecraft:oak_sapling":8,"minecraft:dark_oak_fence":1,"minecraft:diamond_pickaxe":2,"create:cut_tuff_brick_stairs":1,"minecraft:charcoal":2,"minecraft:crafting_table":1,"dawncraft:crystallized_xp":1,"minecraft:chicken":6,"minecraft:ladder":5,"minecraft:leather_leggings":2,"dawncraft:yellow_key":1,"minecraft:wooden_pickaxe":1,"minecraft:gold_block":9,"quark:dark_oak_chest":1,"minecraft:red_bed":1,"minecraft:stone_stairs":1,"minecraft:iron_axe":1,"minecraft:white_carpet":9,"quark:bonded_leather":4,"bloodandmadness:blood_vial":3,"minecraft:mossy_cobblestone_wall":4,"minecraft:beef":32,"farmersdelight:straw":9,"minecraft:iron_nugget":8,"minecraft:spruce_slab":17,"minecraft:chest":1,"plushies:sheep":1,"minecraft:spruce_trapdoor":1,"minecraft:egg":5,"minecraft:dark_oak_sapling":2,"minecraft:stripped_crimson_hyphae":2,"minecraft:raw_iron":23,"simple_mobs:rat_stomach":1,"untamedwilds:flora_bush_temperate":2,"minecraft:spruce_fence":1,"minecraft:stone_button":13,"untamedwilds:hide_bear_brown":2,"immersive_weathering:permafrost":1,"create:cut_tuff":4,"minecraft:blue_carpet":6,"minecraft:prismarine_crystals":1,"bloodandmadness:beastblood_clump":3,"goblinsanddungeons:goblin_crown":2,"minecraft:dark_oak_planks":17,"hexerei:sage_seed":6,"minecraft:arrow":150,"minecraft:stone_shovel":1,"minecraft:beetroot_seeds":3,"minecraft:hay_block":1,"minecraft:yellow_terracotta":1,"minecraft:stripped_dark_oak_wood":12,"minecraft:totem_of_undying":3,"minecraft:white_wool":2,"goblinsanddungeons:cracked_scoria_bricks":7,"minecraft:leather":28,"quark:blossom_wood":2,"majruszsdifficulty:cloth":1,"blue_skies:moonstone":1,"minecraft:crimson_fungus":1,"minecraft:oak_log":5,"minecraft:chainmail_chestplate":5,"minecraft:golden_boots":1,"minecraft:white_banner":1,"minecraft:blue_bed":5,"quest_giver:trading_contract_farmer":1,"minecraft:orange_terracotta":2,"minecraft:apple":3,"minecraft:stone_bricks":6,"minecraft:kelp":1,"untamedwilds:material_fat":2,"minecraft:iron_ingot":1,"minecraft:stone_pickaxe":2,"quark:deepslate_tile_vertical_slab":3,"minecraft:glass_bottle":1,"goblinsanddungeons:scoria":14,"minecraft:iron_sword":2,"quark:blue_blossom_sapling":22,"minecraft:dark_oak_stairs":1,"sophisticatedbackpacks:diamond_backpack":1,"minecraft:book":10,"minecraft:oak_slab":1,"minecraft:emerald_block":18,"minecraft:pumpkin":3,"minecraft:sweet_berries":4,"supplementaries:sack":8,"minecraft:stone_brick_slab":1,"minecraft:red_wool":9,"quark:glass_item_frame":1,"minecraft:gravel":1,"minecraft:raw_iron_block":11,"simple_mobs:ogreliver":1,"minecraft:dripstone_block":13,"orcz:bone_1deco":1,"epicfight:uchigatana":3,"minecraft:spruce_sapling":44,"minecraft:spruce_log":67,"minecraft:leather_helmet":5,"minecraft:purple_bed":3,"minecraft:stone_axe":1,"quark:spruce_leaf_carpet":8,"minecraft:chainmail_leggings":2,"minecraft:iron_helmet":2,"minecraft:stripped_dark_oak_log":6,"minecraft:coal":8},"minecraft:mined":{"minecraft:dark_oak_planks":9,"minecraft:blue_carpet":6,"create:deepslate_zinc_ore":4,"quark:iron_plate":1,"minecraft:spruce_planks":16,"quark:orange_blossom_leaves":1,"minecraft:black_terracotta":1,"minecraft:cobblestone_stairs":1,"blue_skies:moonstone":1,"minecraft:potted_crimson_fungus":1,"minecraft:brewing_stand":2,"minecraft:spruce_trapdoor":1,"minecraft:stripped_crimson_hyphae":3,"minecraft:grass_block":17,"minecraft:brown_wool":2,"minecraft:coal_block":1,"goblinsanddungeons:cracked_scoria_bricks":7,"minecraft:deepslate_tile_stairs":1,"minecraft:spawner":11,"goblinsanddungeons:urn":16,"minecraft:raw_iron_block":11,"minecraft:glowstone":1,"minecraft:dark_oak_trapdoor":5,"minecraft:iron_ore":7,"minecraft:barrel":1,"minecraft:pumpkin":1,"minecraft:stripped_dark_oak_wood":4,"minecraft:anvil":2,"immersive_weathering:charred_planks":1,"minecraft:nether_brick_stairs":2,"minecraft:dark_oak_stairs":1,"minecraft:dirt_path":1,"minecraft:water_cauldron":1,"minecraft:oak_stairs":1,"minecraft:iron_bars":6,"minecraft:light_gray_concrete":5,"minecraft:spruce_slab":18,"blue_skies:camellia":1,"minecraft:gray_terracotta":1,"alexsmobs:bison_carpet":48,"minecraft:red_bed":1,"minecraft:blackstone":8,"supplementaries:book_pile":4,"immersive_weathering:spruce_leaf_pile":1,"minecraft:orange_terracotta":2,"minecraft:calcite":30,"minecraft:mossy_cobblestone_wall":2,"minecraft:chest":1,"minecraft:cobblestone":6,"minecraft:oak_planks":21,"minecraft:iron_door":2,"minecraft:light_blue_terracotta":1,"quark:black_framed_glass_pane":2,"minecraft:white_terracotta":1,"minecraft:stone_stairs":1,"minecraft:wheat":1,"quark:gravisand":1,"minecraft:grass":45,"quark:deepslate_tile_vertical_slab":3,"minecraft:oak_log":3,"minecraft:dirt":13,"minecraft:yellow_terracotta":1,"create:raw_zinc_block":1,"minecraft:oak_leaves":5,"minecraft:deepslate":142,"minecraft:emerald_block":11,"create:zinc_ore":5,"create:cut_tuff":4,"minecraft:tuff":20,"minecraft:mossy_cobblestone":5,"minecraft:dark_oak_leaves":1,"quark:blue_blossom_leaves":25,"minecraft:ladder":1,"minecraft:dark_oak_fence":1,"minecraft:purple_terracotta":1,"minecraft:stone_button":2,"minecraft:spruce_fence":1,"quark:spruce_leaf_carpet":3,"create:ochrum":21,"minecraft:spruce_leaves":14,"create:cut_tuff_brick_stairs":1,"goblinsanddungeons:scoria_bricks":47,"orcz:bone_1deco":1,"minecraft:large_fern":8,"minecraft:hay_block":2,"quark:bonded_leather":4,"minecraft:furnace":2,"goblinsanddungeons:polished_scoria":1,"supplementaries:bamboo_spikes":1,"minecraft:green_terracotta":1,"minecraft:andesite":1,"minecraft:stripped_spruce_log":4,"treechop:chopped_log":10,"minecraft:gold_block":9,"minecraft:polished_deepslate":1,"minecraft:bookshelf":2,"minecraft:deepslate_iron_ore":6,"minecraft:stone":169,"minecraft:smithing_table":2,"supplementaries:book_pile_horizontal":2,"minecraft:light_gray_carpet":3,"minecraft:oak_slab":1,"minecraft:red_wool":3,"quark:dark_oak_chest":1,"minecraft:stripped_dark_oak_log":3,"minecraft:stone_brick_slab":1,"minecraft:oak_fence":1,"goblinsanddungeons:scoria":16,"minecraft:crafting_table":2,"untamedwilds:flora_bush_temperate":2,"goblinsanddungeons:scoria_brick_slab":3,"minecraft:emerald_ore":6,"minecraft:stone_slab":2,"minecraft:campfire":1,"supplementaries:sack":8,"plushies:sheep":1,"minecraft:tall_grass":7,"minecraft:blue_bed":5,"create:cut_tuff_bricks":3,"immersive_weathering:permafrost":5,"supplementaries:urn":1,"minecraft:spruce_stairs":2,"minecraft:redstone_torch":1,"minecraft:red_terracotta":1,"minecraft:purple_bed":3,"minecraft:dark_oak_wall_sign":1,"minecraft:stripped_spruce_wood":12,"quark:blossom_wood":1,"quark:bonded_rabbit_hide":1,"minecraft:magenta_terracotta":1,"minecraft:sweet_berry_bush":4,"minecraft:ice":2,"minecraft:white_carpet":9,"minecraft:spruce_log":10,"minecraft:coal_ore":8,"alexsmobs:bison_fur_block":6,"minecraft:dripstone_block":13,"minecraft:gravel":15,"minecraft:flower_pot":1,"minecraft:brown_terracotta":2,"minecraft:stone_bricks":4,"minecraft:mossy_stone_bricks":2,"minecraft:deepslate_emerald_ore":14,"minecraft:fern":15},"minecraft:broken":{"minecraft:iron_boots":1,"minecraft:iron_chestplate":1,"minecraft:iron_leggings":1,"goblinsanddungeons:goblin_crown":1,"minecraft:chainmail_chestplate":1,"minecraft:leather_helmet":3,"minecraft:leather_chestplate":1,"minecraft:iron_helmet":1},"minecraft:killed":{"simple_mobs:hobgob":4,"simple_mobs:rat_small":6,"hunterillager:hunterillager":2,"goblinsanddungeons:garch":18,"minecraft:chicken":3,"bloodandmadness:silverbeast":2,"simple_mobs:gobber":10,"untamedwilds:boar":1,"minecraft:sheep":2,"minecraft:trader_llama":2,"minecraft:pillager":45,"minecraft:zombie":3,"simple_mobs:rat_mid":1,"minecraft:cow":15,"alexsmobs:dropbear":2,"minecraft:evoker":3,"minecraft:vex":4,"undead_revamp2:thehunter":1,"minecraft:vindicator":11,"minecraft:zoglin":2,"goblinsanddungeons:goblin_king":1,"bloodandmadness:brainsucker":2,"bloodandmadness:church_doctor_scythe":1,"minecraft:drowned":1,"simple_mobs:corrupted_ogre":1,"snuffles:snuffle":2,"untamedwilds:terror_bird":1,"simple_mobs:goom":4,"minecraft:wandering_trader":1,"bloodandmadness:church_doctor_pistol":1,"simple_mobs:weak_ogre":1,"simple_mobs:gob":24,"simple_mobs:goblo":4},"minecraft:crafted":{"solapplepie:lunchbag":1,"solapplepie:golden_lunchbox":1,"minecraft:chest":1,"bloodandmadness:sanguisteel_ingot":3,"blue_skies:blue_journal":1,"minecraft:spruce_planks":56,"minecraft:string":4,"minecraft:diamond_pickaxe":1,"minecraft:stick":8,"solapplepie:lunchbox":1,"alexsmobs:bison_fur":9,"blue_skies:zeal_lighter":1,"minecraft:leather":9,"minecraft:spruce_slab":6,"quark:spruce_chest":4,"minecraft:dark_oak_planks":12,"minecraft:wheat":9,"minecraft:cooked_beef":25,"minecraft:air":485,"minecraft:brown_wool":1,"irons_spellbooks:inscription_table":1},"minecraft:custom":{"lootr:looted_stat":81,"minecraft:interact_with_crafting_table":51,"minecraft:open_barrel":116,"minecraft:bell_ring":1,"minecraft:leave_game":7,"minecraft:time_since_death":49892,"champions:champion_mobs_killed":148,"minecraft:sprint_one_cm":1317294,"minecraft:drop":227,"minecraft:talked_to_villager":17,"minecraft:play_time":594382,"minecraft:deaths":43,"minecraft:jump":8501,"minecraft:interact_with_brewingstand":2,"minecraft:walk_on_water_one_cm":67492,"minecraft:interact_with_furnace":33,"minecraft:traded_with_villager":3,"minecraft:sleep_in_bed":29,"minecraft:waystone_activated":2,"minecraft:damage_dealt":35650,"minecraft:player_kills":7,"minecraft:crouch_one_cm":62992,"minecraft:horse_one_cm":15592,"minecraft:mob_kills":189,"minecraft:damage_dealt_resisted":458,"minecraft:climb_one_cm":22066,"minecraft:walk_one_cm":3524073,"minecraft:damage_dealt_absorbed":2777,"minecraft:sneak_time":16288,"minecraft:walk_under_water_one_cm":19167,"minecraft:boat_one_cm":1624,"minecraft:total_world_time":594382,"minecraft:interact_with_grindstone":1,"minecraft:time_since_rest":4912,"minecraft:damage_taken":19706,"minecraft:damage_absorbed":724,"minecraft:trigger_trapped_chest":10,"minecraft:swim_one_cm":21306,"minecraft:fly_one_cm":3120623,"minecraft:open_chest":281,"minecraft:fall_one_cm":170094},"minecraft:used":{"irons_spellbooks:inscription_table":1,"minecraft:beetroot":2,"minecraft:writable_book":1,"minecraft:iron_shovel":12,"minecraft:chest":1,"minecraft:iron_chestplate":2,"minecraft:carrot":58,"minecraft:obsidian":3,"minecraft:spruce_boat":2,"minecraft:stripped_dark_oak_wood":4,"blue_skies:cooked_municipal_monkfish":1,"minecraft:iron_helmet":1,"quark:blue_blossom_sapling":1,"quest_giver:trading_contract_farmer":5,"supplementaries:bomb_blue":1,"quark:blossom_chest":3,"minecraft:bow":208,"goblinsanddungeons:goblin_crown":1,"minecraft:written_book":1,"minecraft:sweet_berries":2,"minecraft:furnace":6,"minecraft:cooked_cod":7,"plushies:sheep":2,"dawncraft:yellow_key":1,"minecraft:egg":2,"minecraft:potato":12,"minecraft:stripped_spruce_wood":1,"epicfight:skillbook":2,"minecraft:oak_planks":4,"minecraft:stone_pickaxe":58,"minecraft:wooden_pickaxe":23,"minecraft:blue_bed":4,"cloudstorage:guide_book":1,"minecraft:cookie":1,"minecraft:golden_apple":2,"minecraft:glow_berries":3,"minecraft:crossbow":9,"minecraft:dripstone_block":12,"goblinsanddungeons:cracked_scoria_bricks":5,"minecraft:light_gray_concrete":2,"minecraft:bread":38,"minecraft:brown_wool":2,"quark:iron_plate":1,"create:honeyed_apple":2,"minecraft:nether_wart_block":3,"supplementaries:bamboo_spikes":1,"minecraft:experience_bottle":2,"minecraft:oak_fence":1,"minecraft:trident":3,"minecraft:iron_bars":1,"minecraft:armor_stand":3,"minecraft:spruce_planks":55,"minecraft:cooked_salmon":5,"minecraft:cooked_chicken":1,"minecraft:torch":11,"minecraft:dirt":17,"minecraft:anvil":1,"blue_skies:cooked_charscale_moki":1,"goblinsanddungeons:scoria_bricks":23,"minecraft:dark_oak_planks":52,"quest_giver:trading_contract_weaponsmith":16,"quark:spruce_chest":8,"create:builders_tea":1,"untamedwilds:food_bear_cooked":2,"minecraft:iron_axe":183,"blue_skies:cooked_grittle_flatfish":1,"minecraft:golden_carrot":18,"quark:blossom_planks":21,"alexsmobs:banana":11,"minecraft:cooked_beef":38,"minecraft:cobbled_deepslate":12,"minecraft:powder_snow_bucket":1,"sophisticatedbackpacks:gold_backpack":3,"minecraft:calcite":20,"farmersdelight:iron_knife":61,"alexsmobs:cooked_catfish":1,"minecraft:water_bucket":17,"supplementaries:sack":8,"minecraft:mossy_cobblestone":6,"supplementaries:bomb":2,"minecraft:crafting_table":8,"minecraft:red_bed":1,"minecraft:book":1,"minecraft:spruce_log":6,"minecraft:apple":18,"minecraft:diamond_pickaxe":542,"minecraft:iron_pickaxe":113,"minecraft:stone_axe":35,"blue_skies:cooked_horizofin_tunid":1,"orcz:bone_1deco":2,"quark:dark_oak_chest":3,"minecraft:cobblestone":16,"minecraft:purple_bed":3,"minecraft:bucket":18,"minecraft:pumpkin_pie":2,"epicfight:uchigatana":898}},"DataVersion":2975}