{
  "minecraft:recipes/misc/charcoal": {
    "criteria": {
      "has_log": "2024-05-14 01:53:18 +0000"
    },
    "done": true
  },
  "minecraft:recipes/building_blocks/oak_planks": {
    "criteria": {
      "has_logs": "2024-05-14 01:53:18 +0000"
    },
    "done": true
  },
  "minecraft:recipes/building_blocks/oak_wood": {
    "criteria": {
      "has_log": "2024-05-14 01:53:18 +0000"
    },
    "done": true
  },
  "minecraft:adventure/adventuring_time": {
    "criteria": {
      "minecraft:sunflower_plains": "2024-05-14 01:54:55 +0000",
      "minecraft:stony_shore": "2024-05-14 01:54:33 +0000",
      "minecraft:grove": "2024-05-14 01:54:15 +0000",
      "minecraft:forest": "2024-05-14 01:52:45 +0000",
      "minecraft:ocean": "2024-05-14 01:54:35 +0000",
      "minecraft:meadow": "2024-05-14 01:54:13 +0000",
      "minecraft:plains": "2024-05-14 01:54:23 +0000"
    },
    "done": false
  },
  "DataVersion": 2975
}